0,5
1,7
513,12
515,2
643,0
659,6
691,3
695,7
4791,5
4863,10
6911,0
1024,10
1025,4
1281,2
1283,8
5379,5
7427,3
7431,1
7511,11
7519,6
8031,5
1040,8
1104,2
5200,6
7248,0
7249,2
7257,3
7513,0
7515,5
8027,10
2,12
1026,4
1602,4
1610,3
8043,10
8047,5
16,0
2064,3
2066,0
2578,12
2610,9
2674,6
3698,0
3834,10
3838,12
7934,1
64,5
66,4
1090,6
5186,0
5190,8
5702,12
5718,7
5846,11
5878,11
8182,10
512,11
1536,2
1540,7
1668,0
1732,0
5876,9
5884,2
7933,0
1280,9
1296,0
1300,6
1302,1
1334,7
5430,11
5942,5
6070,5
6142,11
128,8
130,1
2178,1
3203,6
3731,3
3763,1
7859,5
8183,9
2304,8
2368,0
2372,3
2380,3
3406,3
3407,1
3439,3
3951,5
8175,8
528,1
2832,5
3858,4
3859,9
3923,4
2176,5
2184,8
2200,9
2712,5
3736,9
3739,3
4027,6
4,4
1028,1
1124,4
1126,3
1134,9
1262,5
1774,0
6126,5
4354,11
4418,9
4930,6
6978,12
8002,2
8003,3
8035,8
32,11
4128,0
4130,4
4154,8
6266,9
6267,10
7419,11
7931,0
8187,10
516,6
580,4
614,1
870,1
4966,0
6007,11
8055,9
4609,6
4611,12
4747,5
4751,5
4815,0
4847,1
7919,3
8,1
72,3
73,3
329,6
4425,0
4427,1
4555,9
5067,3
4096,11
4160,5
4164,12
5196,0
5326,1
5327,8
7631,7
8143,10
4416,7
6592,1
6596,0
6598,3
6599,9
6607,8
7119,8
320,8
1344,8
1348,3
1364,6
1396,0
5492,2
5494,3
5502,0
7679,3
518,6
774,1
1814,2
1879,8
3927,2
3935,9
256,10
322,7
834,10
874,7
878,2
1918,1
2080,5
2081,7
2083,10
2091,10
2619,7
2875,4
7099,5
7167,2
1537,7
1793,0
1795,0
1959,6
1975,2
6071,9
8119,0
10,2
2186,10
6282,0
6346,4
6350,2
7374,2
7406,3
1088,7
1089,0
1093,8
5189,5
5445,3
8039,11
1056,2
1120,1
1136,6
1137,3
1139,9
3315,0
3319,2
4087,9
1152,0
1156,5
1172,3
1236,2
1244,1
3804,6
3805,9
7901,11
656,11
688,3
944,7
5040,4
5048,1
5052,1
96,6
224,11
2272,8
2788,5
3060,1
3068,4
3070,1
7166,10
2048,12
6144,0
6176,2
6240,1
6248,9
6249,8
6505,9
6509,3
6653,3
7677,0
8189,11
3,2
1027,0
1031,4
1055,10
1087,12
3135,12
3327,6
7935,4
33,8
4129,7
4131,6
6179,8
6307,0
6819,11
6883,1
6887,1
6895,1
24,1
56,2
60,2
62,2
190,0
510,12
1022,0
5118,8
6192,4
6200,1
7224,10
7225,7
7289,2
7545,4
7547,0
17,7
2065,6
2069,3
2071,4
3095,2
3351,5
3383,11
3447,7
8063,4
100,3
116,7
372,6
374,0
382,12
1406,9
6143,1
2432,1
2436,3
2502,1
6606,4
6622,6
7646,12
576,11
582,4
710,2
3046,8
7158,9
8190,12
68,5
76,9
108,1
364,2
1388,2
7532,6
7662,3
7678,12
2052,8
2060,9
3084,8
3116,8
3180,9
7276,12
7278,0
7407,10
4352,9
4360,2
4872,1
4877,0
7053,9
7133,6
384,7
400,1
402,12
466,7
1490,11
5598,2
8159,7
1044,7
1308,11
1436,0
1500,2
2012,3
8158,2
1824,9
1828,11
1956,0
1957,2
2021,5
6117,1
8173,11
262,9
2310,12
2438,10
2470,3
2478,4
2543,5
2559,2
6655,2
640,11
672,5
992,4
1000,9
5116,5
6140,1
3328,4
3360,7
3361,1
3377,10
3441,0
3953,9
8049,2
8179,11
2320,3
2324,4
6420,6
6548,1
6620,9
7644,1
8156,11
8188,0
260,3
268,6
300,2
2412,7
2413,0
2415,10
288,0
1312,1
1313,9
1321,6
1323,1
5419,2
5483,2
6123,8
6127,1
544,0
560,0
562,4
626,0
4722,1
4723,2
4851,6
5887,8
2305,3
3329,3
3345,0
3349,4
7957,6
7999,5
4168,11
5192,0
5448,3
5452,7
5468,3
5596,1
5599,9
5631,0
65,0
2113,8
2121,5
2249,12
2765,2
2797,1
7917,8
84,10
1108,11
5204,0
5332,0
5334,6
7382,2
7638,9
896,5
1920,12
1924,7
1926,3
1942,1
1974,0
1982,2
4030,0
4608,5
4610,3
4738,11
4802,12
6850,9
6858,3
6862,7
6879,0
27,10
5183,5
5247,2
6015,0
1552,6
1562,10
1566,9
3614,2
3742,6
7902,12
144,7
176,10
4784,4
5044,12
6132,4
2049,9
2177,12
2217,1
2473,4
2985,0
3001,7
7163,2
257,12
259,10
323,7
339,3
467,2
499,12
503,4
511,11
1023,0
20,1
28,0
668,12
4796,9
5821,4
7871,0
2182,0
2246,0
6342,3
7622,1
7654,11
1284,6
1413,3
1479,2
1495,1
3575,3
524,3
556,11
814,1
879,3
1903,2
5999,2
4384,4
4386,8
4451,8
7523,10
7551,5
1034,2
1354,7
1866,10
3930,1
3962,3
3963,10
1050,6
1051,12
1115,8
1627,4
3675,3
3807,8
4063,9
2056,5
2120,9
2376,0
6984,4
7004,1
8028,0
273,10
337,0
881,4
1009,11
2033,12
2041,8
4093,4
7168,3
7296,4
7304,5
7560,8
8072,11
8105,1
8123,10
545,10
801,8
803,6
4899,6
4915,5
6963,0
7987,5
264,2
266,4
282,10
411,3
2971,4
4112,7
4368,11
4400,5
4402,12
4410,4
4414,1
4542,11
5566,4
6078,1
40,8
2088,1
2216,6
6312,1
6569,1
6585,0
6591,5
6212,9
6340,9
7108,2
7124,4
8149,9
8181,11
4100,6
4188,7
4445,0
5469,6
7549,0
8061,11
396,3
412,5
5020,2
5021,5
6045,2
8095,9
258,7
267,6
1291,0
1803,2
1931,9
1947,0
2011,10
1121,2
1633,0
1889,2
2017,5
4065,4
4069,1
4085,0
514,2
650,8
2698,11
2699,11
2703,2
2735,7
2991,3
7087,6
8127,6
6152,5
6156,10
6236,1
6239,3
6367,0
7391,7
7903,10
194,9
2242,9
2250,4
2254,3
7886,3
8174,8
3136,5
3392,11
3400,10
3912,0
3944,7
3948,1
3949,6
8045,5
532,11
4628,8
4692,5
4853,0
4855,0
1058,0
5154,4
5170,12
5174,5
5302,5
7350,11
7606,7
7670,7
540,0
2588,11
2844,0
2908,9
3036,7
7132,1
1057,9
1065,7
1069,11
1197,2
1261,3
1263,2
1519,5
192,8
193,0
1217,6
1225,11
1499,1
5595,2
7643,0
6,12
782,0
942,11
1006,2
1007,2
5103,4
36,1
44,9
5164,1
5308,8
5372,6
1029,5
1285,12
5381,5
5893,7
5895,0
5903,2
5935,0
6063,8
1127,4
1639,0
5735,4
5751,0
5759,5
7807,6
9,2
43,8
4219,5
7423,3
4122,0
4126,10
6430,2
6462,2
7486,10
7614,7
11,10
75,4
107,0
619,2
1643,0
1919,8
34,6
35,2
4139,2
4155,1
4223,5
6783,5
7039,0
5764,11
5828,2
5844,2
8180,5
1408,3
1410,8
7618,1
7626,4
8138,3
6160,12
6288,0
6290,2
6299,1
7835,3
7899,0
578,8
610,1
4706,10
6754,2
6762,5
7786,9
7914,5
8170,1
1232,12
1235,9
1747,0
1755,3
3835,5
2053,4
2061,8
2063,5
2127,10
2159,7
2671,7
2799,1
641,5
1665,7
1699,2
1767,11
2023,5
715,1
971,11
7115,3
8139,10
8171,6
129,4
2241,7
2273,0
2275,7
6371,0
4674,10
6722,12
6730,5
7002,1
7130,4
7135,7
1032,11
3080,1
3208,7
3464,1
3976,4
4040,1
8168,1
8169,2
5120,10
5248,4
5256,11
5512,6
5580,0
5597,11
5629,6
2306,9
2307,0
2435,1
6595,0
7111,0
7127,4
1072,4
3120,11
3132,5
3133,1
3197,0
7293,7
536,2
664,11
2716,9
3772,2
4028,10
4029,6
4031,0
12,6
1564,1
1694,2
1950,2
2015,7
2047,1
768,11
960,11
5064,6
7112,3
7128,0
8152,10
8154,3
4116,4
4372,2
4444,1
4604,8
6652,3
3200,7
7880,2
7897,11
7929,4
4104,6
4106,10
4158,1
4159,4
4287,11
4351,7
2434,6
2498,1
6627,3
6643,1
7671,3
2704,3
2968,12
3992,4
4024,0
4092,0
6256,2
7280,6
7792,11
7793,4
8057,9
8185,0
4864,5
4874,3
5898,7
5962,8
6090,1
196,2
1222,0
1478,11
5574,2
5590,7
5623,1
657,1
665,8
667,6
923,2
5019,8
5051,6
7103,3
772,0
902,3
4999,0
5063,7
5095,0
160,4
164,0
172,5
2220,5
2221,3
2285,8
2541,3
3565,0
642,6
1666,10
1682,0
1690,7
3998,5
4094,12
81,0
85,2
93,2
95,3
4319,4
4831,2
4224,9
4480,12
6016,3
6017,2
6081,0
6083,3
6087,10
6135,5
4256,2
4264,4
4280,2
5304,7
5370,9
5627,3
7675,0
49,0
305,5
817,3
819,6
827,12
955,3
3003,3
4355,10
6403,8
6415,6
6431,6
520,11
552,5
1576,7
1640,2
1657,3
4089,10
292,0
356,12
357,7
359,6
999,6
7159,4
2050,0
2322,11
3346,5
3350,6
3390,12
2592,9
2608,7
3634,1
3635,0
3767,11
4023,2
776,11
792,11
1816,2
1976,1
1980,0
274,9
4498,4
4502,4
5526,9
5527,3
5591,7
8151,5
70,4
2118,4
2119,0
2631,5
2759,2
2791,0
290,6
306,0
310,10
2358,2
2422,0
2942,9
385,7
451,5
459,6
2507,6
6635,3
6639,8
161,3
163,6
4259,5
4771,0
4775,1
5799,4
5815,10
198,10
238,6
494,2
4606,4
132,8
133,0
389,0
3461,6
3493,1
3495,3
3503,1
4079,0
272,9
408,6
1497,0
6111,1
5928,4
7976,0
7992,9
8058,5
832,1
1856,11
1860,11
1868,4
1870,2
3918,2
8014,2
8030,11
788,11
916,11
980,2
3028,5
3030,7
4054,6
4086,2
1154,12
3202,5
3714,10
3722,5
3802,8
3806,0
146,4
434,0
442,1
958,7
4225,5
4289,8
4293,0
7365,1
7383,6
4672,8
4678,5
4934,2
5958,1
5966,0
5998,8
99,0
611,3
4707,7
5731,5
5739,10
5755,0
13,7
1037,2
1165,6
1693,2
1949,2
1981,3
2045,11
6141,11
7,6
3079,4
7695,6
7759,1
7887,7
37,1
39,9
55,0
63,2
319,5
2367,3
2431,5
4101,6
4357,3
4359,2
4367,4
4879,0
4943,5
6991,8
8015,7
325,8
327,10
2407,3
6503,3
6145,3
6153,5
6281,0
6285,1
6349,2
6365,10
7421,1
5377,2
5409,2
5413,0
5925,12
5941,9
6005,10
2180,11
3204,6
3206,5
3270,1
3279,3
3311,3
7663,0
608,7
616,11
744,2
2792,5
3048,8
3064,11
4090,0
4091,0
4097,5
6273,8
6785,9
7841,8
8161,5
8165,9
8167,8
15,4
2575,11
6671,7
6735,4
2560,12
6656,8
7680,11
7682,11
7810,2
8130,6
1282,8
5378,8
5442,3
5455,8
5967,0
5983,0
69,12
71,10
215,2
3287,5
3295,9
140,6
206,2
207,11
7647,0
4832,5
5856,2
5866,10
6122,8
784,0
785,0
787,1
915,3
947,9
5043,0
6067,9
6131,9
2114,6
2146,9
3170,8
7267,11
7779,10
7795,0
8051,9
4288,0
5312,7
5824,9
6080,6
6084,5
6116,10
6118,7
265,11
297,4
809,9
873,0
2921,5
3961,8
416,1
480,1
484,2
486,1
4582,1
4598,3
6646,3
4098,12
4102,5
4614,7
4686,2
4991,0
2112,6
3137,0
3141,10
3149,9
3165,3
3421,6
3453,7
3583,3
1060,7
1572,2
1580,0
3628,6
3644,1
3836,5
1052,4
1054,0
1182,5
1438,3
1502,6
3550,4
3582,9
1289,1
3337,7
3369,6
3435,0
8059,4
2057,4
2089,0
6185,2
6189,5
6445,4
7023,4
5122,6
5130,5
7178,10
7722,6
7850,7
8107,9
8111,8
525,7
527,7
655,9
1679,3
3983,2
5188,0
5228,1
7788,0
7789,9
5,0
141,0
157,5
2205,1
2717,3
6813,0
7101,2
644,0
676,3
1700,9
1701,1
3749,7
5648,10
5904,0
6032,1
6034,6
2128,0
2130,11
2258,1
2290,0
6386,6
6387,11
6907,7
136,7
152,5
1176,12
1688,6
1720,3
3768,3
3832,2
7930,4
2116,0
2117,12
2373,12
2933,0
4095,0
280,6
312,0
2360,10
2361,4
2363,4
3007,2
3071,0
4481,7
5001,0
5005,1
5069,0
6093,1
674,9
690,6
1714,3
4018,5
4082,4
4105,5
4107,9
4143,1
4399,2
4463,2
388,6
2452,4
7060,10
7092,1
8116,4
8124,11
8125,2
4838,9
6886,10
7142,9
4624,3
6674,0
6675,9
6683,12
7707,5
7771,12
7775,7
2388,3
2516,11
7636,3
8148,11
2834,0
2962,2
3986,11
4058,11
4059,3
1081,4
1209,0
5305,5
5561,7
5563,1
705,2
707,11
4803,10
4807,4
770,7
771,12
2819,0
3907,5
4051,0
8147,9
48,10
113,6
241,9
4337,10
6393,0
6649,10
7165,2
2688,8
2690,12
2774,0
6902,2
188,5
444,4
956,12
1096,5
1100,0
1102,8
1358,2
1390,4
3438,4
3455,0
517,3
581,2
1605,5
3653,12
4037,7
4039,5
8135,0
6721,12
7745,5
7777,2
3720,10
3784,1
3816,8
4074,0
4075,11
5121,0
7169,6
7201,2
7331,2
7395,1
7411,2
7923,9
3632,12
3640,9
7740,11
7996,1
2594,1
2602,4
2623,7
2751,4
3330,0
3338,4
7434,1
7450,6
7451,1
7455,10
4180,12
4436,5
4438,9
4470,2
4478,5
6654,12
4754,3
4762,7
6810,7
6842,3
6846,8
6910,12
448,7
996,10
2037,2
4613,7
5637,0
5701,1
5717,3
5725,1
7552,0
7555,0
7563,1
7579,1
7611,3
225,2
737,9
2785,3
2787,8
2720,9
4003,9
4067,4
800,9
1829,0
1893,0
1895,4
2031,1
2321,9
3347,4
3355,1
1808,5
3864,2
3993,4
4057,1
1184,3
1200,0
5296,4
5552,2
6064,10
6065,4
4944,4
4976,5
4984,0
4988,11
4990,1
6014,8
561,11
4721,3
4849,7
4857,1
4859,5
2129,9
2257,2
2289,2
3313,11
3321,4
3833,4
3588,6
3620,9
3636,7
3638,3
3958,0
8054,8
2240,0
2256,0
2288,3
2800,5
6896,1
6897,8
6901,4
6903,8
25,7
57,6
61,6
2237,0
3261,6
3837,10
548,6
2596,10
3684,7
3828,11
3830,2
3831,5
7927,4
1158,5
1174,3
1686,0
1750,7
3798,0
529,11
531,2
4627,12
6967,4
7031,2
1048,3
1560,8
1626,0
1631,8
1759,0
5855,4
4272,4
4336,10
4338,10
4850,3
6899,10
324,10
3396,4
7516,0
7517,2
7645,7
5184,10
5224,4
5352,9
7656,11
2338,5
2850,0
6946,3
7074,9
7079,6
7095,6
4274,0
4282,8
4346,0
50,4
7730,1
7794,1
8050,11
675,3
3747,6
7843,4
7907,2
7915,8
162,8
4258,1
4798,3
4862,4
588,4
589,7
2637,0
2895,4
2927,6
2593,8
2849,0
2857,6
3881,1
3883,7
7995,6
6161,5
6289,1
6293,4
6357,5
6869,10
7895,7
21,9
181,12
245,5
253,1
4861,1
5119,2
18,10
2354,1
2482,1
2483,4
3515,5
1310,3
1471,4
1535,9
23,0
31,7
287,0
3359,1
3487,3
200,6
232,7
2280,8
2287,11
3839,4
4099,1
6659,0
6691,10
6755,5
6891,7
5193,2
5209,9
5241,8
5369,4
5881,3
5883,7
7184,4
7188,2
7316,3
7324,4
7836,1
7868,3
7932,11
229,0
4327,2
6383,9
6399,7
592,8
624,11
3824,3
3825,3
3827,1
2132,2
2164,9
6260,0
6261,0
6263,2
7415,8
2562,12
3602,5
3894,1
3895,3
3959,6
2568,9
2824,6
2856,10
3880,8
7977,3
7979,1
148,1
4244,3
4254,2
6302,4
6366,11
7422,4
67,5
1091,9
1619,0
5971,6
6099,5
2058,8
2570,6
2574,7
2654,3
3678,5
74,5
2122,1
2123,9
3531,4
3535,12
3072,7
3584,4
3616,4
7712,11
7728,1
7732,7
7796,1
105,10
361,6
1385,4
3437,9
4077,4
5408,5
5537,0
5601,10
6113,2
4741,5
6789,0
6853,8
7125,9
4200,6
6504,3
6520,7
6650,5
4362,11
4378,4
4379,0
4507,1
4511,7
5567,3
7615,0
775,2
839,11
4967,11
7015,0
7143,8
7151,8
4172,2
4205,0
4477,5
6525,0
2816,0
2821,3
2853,6
3877,4
2650,2
2906,0
3035,10
228,6
230,0
4326,1
4583,1
4591,12
1545,2
5641,0
7817,3
7853,1
1216,3
3265,6
3281,1
3283,1
3539,1
4935,1
1049,4
5145,0
5401,3
7449,3
7453,7
7965,1
8029,5
1074,3
3123,6
3251,1
7347,2
7603,12
354,2
4450,3
4586,12
4602,0
5630,0
4421,7
5461,7
5493,9
7669,3
2111,1
2175,1
3269,7
3301,0
3557,2
7655,5
4232,6
4744,1
4776,0
4840,4
4842,2
5867,1
6786,2
6790,8
6791,9
6799,1
6831,0
7855,2
6146,0
6274,12
6787,7
6855,7
7879,6
7911,2
4800,6
4801,0
4805,11
5829,5
7877,0
424,6
426,0
938,0
4010,2
4015,0
2724,3
3748,10
3814,5
6157,0
6669,5
2244,8
6348,7
6604,11
6605,0
6637,4
45,2
4141,11
4653,4
6701,8
6957,5
7085,11
5264,3
7312,5
7824,5
7825,11
7829,0
8085,3
4928,1
4936,2
8008,0
1038,10
1039,1
1295,8
1807,3
3855,4
7951,7
3073,7
3075,1
3087,2
3151,9
3183,12
7279,3
7535,0
2076,0
2078,1
2079,6
6175,12
7327,3
7583,1
1073,0
1201,10
1205,7
1717,5
1725,2
2561,3
2625,1
2755,6
2763,9
2767,7
1360,4
1488,3
1494,8
5622,5
6134,9
3117,0
3309,5
3567,1
213,2
7381,10
7637,2
1708,8
1710,1
4403,0
6971,2
7035,5
4248,9
4250,10
4826,0
4830,1
38,0
46,3
2094,6
2095,4
6527,7
1041,4
1105,11
1113,7
3161,3
3673,6
678,3
950,10
951,6
1015,1
3063,0
5316,9
5854,6
1064,12
1066,1
1082,4
1594,2
3642,1
3646,12
7743,10
769,0
2817,4
2945,0
3969,3
4001,5
4005,7
4204,0
6252,10
6380,0
7420,4
7676,12
4118,8
6166,10
6167,6
6743,2
6751,2
5505,1
5521,4
6033,8
6097,0
8177,11
4152,3
5176,7
5432,5
5434,9
7610,0
8126,10
1042,0
3478,2
3542,2
1288,4
5384,5
7432,0
7998,3
4616,0
4648,6
4649,2
6697,2
6825,1
6841,1
6905,11
6208,2
6379,11
80,12
3412,0
3414,10
7542,12
289,4
293,5
3365,7
3367,2
3903,5
1092,10
1109,1
5335,9
6103,4
3274,4
3278,3
7390,7
7170,2
7686,0
8006,6
8022,7
8023,3
2576,6
6673,6
6705,7
7985,0
8113,3
4120,0
4827,4
3312,0
3314,0
1116,5
1628,8
1660,6
5756,6
5886,12
2944,1
3968,12
8064,5
8082,5
8146,8
8155,0
4880,10
4888,11
4890,5
6943,11
7071,0
786,8
1810,8
1874,8
1878,5
3926,11
1568,0
3746,0
7918,8
2208,8
3232,5
3240,5
3256,12
7353,1
7359,11
2115,0
2147,6
3171,8
3187,4
7283,3
7287,10
5544,3
6056,0
6060,11
6124,1
8172,8
3100,5
7708,2
7710,2
7774,10
7806,4
5464,0
5466,6
5499,5
147,11
4243,1
4307,5
5331,11
7379,7
2054,9
2566,0
2830,2
2878,1
3006,5
3092,0
3612,1
3676,3
134,6
222,0
4318,2
4575,8
648,2
4777,3
5097,7
5099,2
3082,9
7691,3
7727,12
3652,7
3660,1
3662,9
8046,12
5376,2
7424,4
7488,4
7490,3
7494,5
7502,0
3744,8
7842,1
7863,6
2085,11
6181,1
7717,1
8037,9
1730,3
3778,3
4034,2
2051,3
2059,9
117,0
125,2
637,8
4989,0
1492,10
3540,1
4060,11
4062,0
1345,10
1349,3
1373,6
5888,12
2833,4
6929,7
6931,3
7059,4
1553,7
1555,4
7955,2
8083,1
2311,2
6407,6
6447,3
6788,1
7814,4
7846,5
8110,12
1846,2
5951,0
6148,0
7172,3
7173,4
7685,1
7701,4
7741,3
1219,7
3267,12
3779,2
3811,5
802,3
4898,6
4962,1
7010,1
7018,9
22,2
1558,6
3734,10
4055,7
2212,8
2214,2
3239,3
3247,8
3519,6
2312,11
2442,1
2474,1
3498,1
7594,6
227,11
243,6
1036,1
1356,12
2028,2
2044,6
6147,5
6275,3
6531,7
6539,9
549,0
2597,1
4866,4
4994,8
4998,10
7046,7
8070,3
8094,11
4176,11
6228,7
6486,4
6614,5
4140,4
4332,2
4334,3
6382,2
808,0
1832,2
1834,1
1838,5
3966,4
1600,0
1608,12
1614,7
1742,0
5388,11
5900,2
2315,12
2891,8
4353,3
4369,7
4377,3
4409,7
5433,8
5437,3
7485,4
5380,11
5412,6
5415,10
5927,7
5943,4
86,2
214,6
2038,4
131,2
647,3
4743,1
6095,4
104,4
234,11
746,4
2794,3
3818,1
3819,10
4424,6
6472,4
6476,3
6478,1
7118,0
8142,12
2752,9
2757,5
3783,0
3791,3
3823,4
296,1
360,1
1384,9
1404,10
3452,2
3454,6
2404,0
2420,5
2932,3
3956,4
3967,5
3108,8
3501,11
41,3
2153,4
2281,2
2297,9
2809,4
6909,8
2369,7
3521,5
7649,4
7653,12
7661,4
4650,6
4906,2
5930,0
2308,7
2820,0
7045,5
7109,0
135,4
151,3
407,2
439,11
204,2
2252,0
6623,7
2564,3
2565,0
2693,2
2949,5
2959,7
5424,5
5556,10
6068,3
394,0
906,2
910,1
2975,10
4768,6
4779,4
4795,4
1539,9
3843,3
3851,12
3867,4
4736,12
4780,6
6828,1
6894,0
2332,5
2335,3
2399,1
3423,8
4654,3
6702,6
6766,3
7791,8
392,1
1418,2
1419,3
1423,0
1935,7
1983,0
6079,11
2624,4
3776,8
4048,4
4052,8
4084,12
3268,3
3812,8
3813,5
3829,4
7925,1
2880,11
2912,2
7008,12
7140,3
8164,3
2451,4
2515,7
2547,7
3059,7
4162,2
5730,5
7782,8
7790,1
4279,3
6327,2
6391,2
2144,3
2145,2
6241,2
6369,1
6625,4
7137,3
7139,1
7155,1
5699,10
5831,5
5847,1
456,12
488,5
5608,1
6120,0
6121,0
212,9
3284,12
7668,9
2096,9
2609,12
2865,0
3889,5
866,2
1010,0
7154,7
6917,11
6949,1
7013,1
964,2
965,1
3013,12
3045,8
3061,7
165,2
2277,1
5216,7
5218,3
5858,2
5859,1
5317,0
5349,6
7397,1
7413,1
4632,1
4761,10
4825,1
209,3
725,9
757,8
7157,2
88,5
90,3
1658,3
1914,11
2042,1
550,7
4646,6
6694,10
6774,0
6775,4
3085,3
3341,3
3469,0
7565,1
7581,3
8093,0
2600,3
2603,5
6699,1
7723,4
7983,4
1085,7
1680,9
1744,5
1782,6
2046,4
246,3
2294,5
2295,2
2303,8
4376,5
4408,1
5438,7
3234,2
3490,3
7674,3
278,5
286,6
4382,1
4510,5
6046,3
5402,1
2108,5
2172,2
2300,12
2556,1
3580,4
4464,9
4592,4
5616,2
5617,3
537,6
1561,0
1593,3
1595,2
1659,1
1787,11
1548,11
1581,9
5677,3
5741,0
5743,0
5129,5
5257,9
5321,0
5577,9
5581,5
1825,3
1905,6
3955,4
7592,3
7595,9
5350,10
5366,11
4612,2
5652,1
5660,11
5661,0
5823,0
2329,4
2457,2
2461,9
6621,5
2572,10
2636,1
2764,12
2766,3
3038,8
789,3
853,4
981,0
989,4
3037,9
5632,1
5636,0
5894,2
6054,9
149,2
2773,9
4292,3
4548,2
4557,0
7629,12
904,8
920,1
5016,5
5023,3
6047,1
58,8
2106,12
2110,10
2174,1
2302,8
3326,12
261,7
263,6
391,4
1415,3
1431,2
1439,1
3648,3
7744,2
7872,0
7874,8
7882,4
8186,8
137,12
171,2
175,12
239,7
5871,8
6784,0
6816,10
7924,0
833,1
865,2
869,3
1901,8
5997,9
328,9
330,10
334,5
846,7
847,8
1871,9
2828,1
2860,10
2924,8
7020,9
180,6
2228,11
3324,5
1213,4
5309,3
1664,2
1946,6
6043,7
6075,10
4161,3
4163,0
4419,1
4547,11
4551,11
5607,1
4146,11
1606,5
3910,11
4385,0
5611,3
1297,3
3861,1
7989,3
5156,3
5420,11
7468,1
7484,0
150,0
4246,6
4758,1
4759,0
5791,3
4241,1
6577,12
7153,4
6419,4
7443,4
82,11
4434,2
5490,4
1238,10
2014,9
6110,1
522,3
538,5
570,7
826,4
4922,5
5946,3
6138,1
5058,7
7106,0
8166,9
2706,1
2738,2
6835,12
7091,3
1337,10
1469,1
2072,11
6168,8
6424,9
6428,12
6463,0
6975,12
4132,7
4134,2
4390,4
4518,3
5542,3
142,7
398,9
399,8
2447,8
6559,0
1792,5
6048,0
8098,9
8102,4
8103,11
4170,2
6218,4
6222,4
6238,5
8128,12
235,5
251,9
767,2
901,8
2957,4
3981,11
584,8
1642,5
3947,6
2503,1
3527,5
4047,7
2990,0
5444,0
5460,0
5620,8
5621,9
6133,6
7746,9
7747,1
7763,2
1084,10
3260,4
5126,12
5134,10
7182,4
7822,12
7838,1
1473,6
1489,4
4081,11
2336,12
2864,6
2928,12
3056,8
210,6
211,2
1491,2
2739,0
2995,9
4169,5
6985,8
7007,8
5153,11
5161,0
5417,0
5421,0
7469,12
7487,11
1033,0
1067,4
1579,0
1707,4
1963,1
6059,3
594,4
850,7
883,10
1907,6
1911,3
3372,10
3436,0
3564,10
2616,4
2620,7
6716,10
6717,0
6719,4
4228,5
4740,3
4772,0
5796,12
5860,6
5877,12
5440,9
7538,5
7550,0
2194,0
2450,3
6578,0
2573,0
2589,7
6685,8
6941,0
4229,7
4277,2
5813,10
2439,9
2951,4
3015,0
3039,7
2100,2
2292,2
6398,6
2209,4
2225,3
2801,3
2805,5
7660,5
1632,12
2025,3
2640,1
2644,0
2646,7
3703,6
5760,0
6018,1
6050,3
6051,11
8099,3
299,4
4479,4
1168,4
1428,2
1460,1
6664,6
6925,12
8077,5
6657,7
6709,1
6711,5
583,2
4679,7
5703,10
5959,7
5991,9
2039,6
2976,4
2992,2
4080,9
2960,1
2966,10
8086,11
8087,6
98,5
226,12
242,6
247,6
5137,12
5393,7
7445,4
7575,0
7607,3
145,5
177,1
437,5
2485,4
3304,0
3320,5
3322,5
7418,11
1409,4
1921,1
1987,3
2019,0
4370,11
6558,0
6590,8
7102,10
530,1
4634,12
4666,4
5690,7
5758,4
2136,8
3160,9
3290,3
5187,9
5319,8
6847,6
2673,2
2929,10
4083,7
4690,3
6738,6
6867,7
7123,1
3144,12
7240,3
7244,9
7245,5
7501,11
533,3
693,7
7869,4
673,2
2721,3
6817,3
6881,7
1045,5
1365,6
1877,4
1233,8
1745,12
2005,2
2013,5
1746,6
4050,0
2055,4
3335,0
3463,6
3543,3
4124,6
5148,2
5149,1
5181,2
5693,6
5972,0
2897,7
3025,5
3033,11
7129,1
7131,2
4882,6
5010,0
8178,10
92,7
220,5
277,11
417,4
419,7
483,5
491,2
1515,8
2027,9
4121,6
5177,9
2087,8
3111,1
3119,11
3199,6
52,10
1076,9
1077,1
7221,3
7231,10
627,0
1651,7
2340,12
2468,11
2494,4
6688,0
6692,0
6948,9
6964,12
6966,0
7990,2
2316,0
2348,12
2876,10
6973,0
2149,7
2151,1
2919,0
1670,10
1671,10
1703,2
5807,3
6944,1
6953,3
7981,11
897,11
4993,4
5009,4
5017,0
6041,1
8089,1
928,2
5088,10
7147,4
5140,7
5364,6
5365,7
5367,0
5375,1
138,1
1166,7
5262,0
6718,3
5684,6
5748,0
6012,5
777,2
905,9
969,0
985,8
1019,4
5115,3
4656,12
5042,0
5107,10
6150,4
6182,7
6438,6
7462,5
7478,6
2701,5
6797,5
7821,2
7823,8
8079,9
1923,4
3979,8
6434,12
6435,4
7459,0
7463,8
4166,0
4174,6
4718,1
2628,5
2884,12
3908,4
3916,3
3917,2
3933,8
7369,1
7401,7
7417,11
401,7
913,5
5011,3
6035,2
5313,10
5587,0
1526,5
1534,10
3077,0
3333,2
8101,3
8109,0
440,6
5560,12
5565,4
4192,11
4704,11
4961,4
4965,1
5989,1
5123,9
7171,1
7183,1
7247,3
7503,2
5136,0
7192,8
7194,1
7198,2
577,0
2657,2
3681,11
7905,8
8163,5
2639,12
2783,5
579,2
4963,0
4975,9
546,10
547,12
6843,10
120,8
4216,10
4728,2
4729,5
6777,9
2969,7
2973,1
395,1
1483,2
595,12
603,0
686,6
702,6
2750,8
5131,4
5163,9
5179,4
5819,0
2807,1
2181,9
3205,2
3717,1
3781,3
4053,3
2099,0
2227,1
2239,1
3263,2
4756,2
4788,5
5820,8
5885,11
6294,12
7062,3
5968,0
5970,3
6098,2
5128,0
7306,7
7562,0
8074,4
53,2
2101,6
3125,2
6400,7
6408,11
6409,2
6441,0
6575,8
5514,7
5578,6
6106,0
7688,6
7704,4
7706,1
7962,1
8090,7
5236,2
7284,1
7292,2
7294,3
7295,1
481,8
1527,1
2378,1
2506,1
2538,12
2539,3
7659,6
2140,10
2397,0
2525,8
1731,11
5827,4
7875,3
1604,7
1620,1
1876,1
1030,4
1047,6
5143,12
5151,5
5663,5
5919,7
202,10
203,4
4335,2
5359,1
4114,0
4626,5
6938,4
7134,1
4496,5
5520,3
5564,1
6077,0
646,10
2694,11
6798,0
6863,0
5028,4
6052,0
6062,6
4380,1
5508,3
5516,10
5519,12
4688,10
5744,10
2103,4
7799,7
4997,10
6053,11
3168,0
3296,0
7392,1
7394,9
7651,5
30,11
158,5
734,8
1616,5
1662,5
5152,9
5728,11
5862,0
7926,12
1186,8
5282,10
7338,2
7402,3
4484,4
4996,4
5012,0
5076,3
5078,4
5079,6
3456,10
3457,8
3465,0
7561,4
7567,3
7599,7
4769,9
6827,7
7851,5
4388,0
5540,2
5604,1
7652,11
344,5
856,10
1880,2
5976,8
6104,1
8153,0
4992,10
5000,10
5065,10
1298,10
1303,0
5399,5
5471,6
7441,8
7473,0
7993,1
2514,6
3538,11
1557,7
1621,3
1749,1
1440,11
1504,4
5600,9
5609,4
106,6
618,10
6767,7
26,4
4123,9
5147,5
1538,11
5634,11
5635,9
7687,8
7719,1
1544,7
1547,3
1599,3
1855,6
4356,3
5382,9
5510,4
5518,3
5550,0
7598,6
7426,4
8018,0
1796,5
1812,12
5910,1
7958,10
7959,9
7967,7
3842,11
3874,10
3890,2
4022,0
3471,12
2313,7
2319,4
3055,0
6211,6
6467,4
900,1
7044,1
8132,9
8133,3
8141,3
1249,0
1505,3
6115,10
2689,4
3713,3
3729,4
3985,9
8081,6
8117,9
433,0
1465,8
1977,4
6139,0
4680,2
4684,0
4812,7
6860,12
4485,3
4517,10
4581,2
5613,11
1071,4
1578,5
3626,0
3627,9
3631,4
1777,10
1785,4
1789,2
1791,3
4520,4
4522,4
6570,4
7146,8
6276,2
6278,6
7303,2
7319,10
5124,0
5132,2
7180,2
620,6
621,6
623,4
4719,11
2283,5
2795,2
270,0
2831,8
7456,12
7457,0
7521,9
7813,6
7885,12
534,2
598,8
6742,7
6998,1
7126,6
3664,11
3672,8
3705,5
1424,6
3474,2
7574,9
5920,8
5936,5
6000,0
8048,11
8053,11
5392,9
7448,1
7578,4
7582,4
1922,8
3970,5
4042,0
449,7
1477,7
1485,2
6180,0
7332,1
7348,2
7357,4
7613,8
2148,6
2532,8
3044,8
2084,0
3110,10
3366,1
3518,8
2629,0
6225,2
6229,0
6517,7
7541,10
6406,1
6422,0
6934,6
5323,8
5583,0
2448,3
2998,1
1936,8
1940,2
6038,10
7186,3
7218,0
7986,2
8062,5
6026,4
5185,4
5441,7
5457,1
5465,2
8025,9
2098,8
3122,10
3186,8
3194,1
3706,2
3707,1
3711,1
1556,1
3797,3
2185,4
3721,12
3725,0
7587,10
97,0
369,3
1393,7
5491,12
6003,5
1988,3
2036,3
1301,10
1429,1
1461,1
2441,11
2443,8
3467,4
1316,1
5924,3
5988,0
3089,9
3219,0
3507,9
3511,7
5662,1
5694,5
5822,3
4113,1
6163,5
6291,0
7323,8
7387,3
791,2
919,0
5111,3
5929,10
6057,4
1164,0
3213,9
3277,2
4150,2
4214,7
6518,0
6526,4
2456,6
7064,7
7065,12
7069,8
4242,11
4766,3
3610,5
7963,8
4658,2
4659,6
4731,5
386,10
6538,6
7566,3
7190,2
7446,4
7447,1
7991,3
1226,2
1230,1
5396,3
5404,9
5532,0
6109,4
4103,8
4615,11
5031,0
1861,2
208,2
6354,4
6358,3
7385,9
7673,11
1844,10
3900,6
5952,2
8019,1
332,10
860,1
861,6
893,10
895,7
4392,2
5416,3
1847,1
321,4
2371,6
3395,2
7491,6
7507,12
807,2
2855,2
2871,10
4358,10
4374,0
6550,1
6582,2
5345,10
5857,6
7909,0
663,3
1687,4
1719,3
5879,11
1925,0
1190,9
5806,9
461,1
463,0
2511,0
5664,3
7984,3
8112,5
8120,12
4526,4
5038,2
5039,4
4265,0
4281,0
4345,1
5113,7
3294,10
216,7
472,10
504,0
1016,3
4088,0
2961,4
3057,5
3069,11
1984,3
4032,2
4038,12
4046,6
2753,7
3809,5
199,4
2255,0
4133,12
4389,2
6437,8
7077,9
7093,3
7832,7
7864,2
2598,5
3630,11
3758,2
7854,0
2326,12
2838,11
1204,2
5300,0
5558,4
114,9
2162,12
6770,10
6898,3
7922,1
452,1
5060,12
6100,10
3086,2
3615,3
7711,1
7839,4
2189,2
3083,1
7307,5
7748,5
7749,0
7765,5
805,2
821,6
1845,3
1909,1
5745,7
5753,8
6986,3
8010,12
1220,2
3524,0
3532,11
3548,2
2818,6
2866,6
2930,3
2934,8
4504,1
6584,3
6588,4
6589,0
6661,7
6534,11
8071,1
1177,0
3225,0
4195,9
6243,0
8069,6
5650,2
5651,3
5655,8
5687,3
7735,4
5175,0
5695,7
1248,12
1252,9
1764,9
1780,8
1788,4
625,3
2681,12
3093,0
3189,1
6088,8
6092,11
8157,0
779,3
843,12
4939,0
5071,9
5087,2
835,0
2192,5
6335,1
5737,2
5993,3
1475,3
6091,10
6107,5
6698,1
6826,5
7098,12
7444,4
7956,2
8020,2
1221,4
3597,1
3757,11
3476,7
3477,1
3989,2
2344,3
2872,8
4026,0
8122,12
4710,5
353,9
355,1
3563,5
5125,12
7725,7
564,6
4660,11
4789,1
2238,10
6334,0
7870,0
233,11
745,2
5117,7
418,9
6125,8
1804,1
1820,3
1852,8
1916,4
3965,5
7425,3
7489,3
7493,0
7495,4
1266,4
5363,3
6412,11
7052,3
7054,0
7055,12
4227,1
4483,5
6647,8
4115,5
4147,1
4211,2
2193,10
7313,4
7321,0
7833,5
3845,7
3847,3
1155,8
1159,11
1191,2
1271,3
1928,7
6024,4
6108,4
6658,11
7755,0
3216,12
3728,10
3760,8
4016,4
3102,4
3358,0
240,1
6385,5
7619,4
585,12
587,4
747,10
4843,4
523,3
3595,8
3599,3
3663,9
3695,7
600,5
602,3
730,9
762,2
1786,2
7845,2
1123,0
1131,0
1259,8
898,12
2946,7
2974,12
630,0
894,2
7038,3
720,5
724,12
732,6
505,0
1529,2
1188,12
1702,0
5798,4
706,4
4839,5
1698,2
1718,10
1570,7
1571,7
1827,5
1891,3
3939,1
1059,10
1075,3
3379,1
3387,10
3579,2
658,12
5782,6
8118,0
3098,3
3226,1
3482,7
294,0
2342,0
6502,7
1002,12
2496,9
6608,3
6610,5
6611,2
2345,6
2873,5
8121,9
4108,3
6220,10
5765,3
5767,5
7815,1
7831,2
4488,8
6058,12
7891,10
1509,5
652,4
654,4
718,0
1376,1
1380,8
1382,11
1383,7
1399,3
3458,8
3462,12
7591,4
2339,1
2343,1
2359,1
3391,2
5892,4
5940,10
1932,5
1948,9
4563,7
5075,12
6727,1
309,11
2357,0
6455,12
6583,0
54,10
7742,4
1554,2
5982,7
4233,3
4235,7
4299,4
6347,12
7371,7
1202,0
1210,2
1211,1
5307,7
961,3
993,1
5089,11
7141,0
462,7
2510,4
2542,5
6638,9
460,8
973,11
3021,1
3023,1
6492,0
6494,2
6402,7
7623,7
3988,3
3078,7
3430,8
3431,10
5070,1
3589,5
3621,8
3885,8
7699,8
7827,12
7867,0
908,10
5006,12
6030,3
3592,4
3608,1
3609,0
6456,0
6458,0
6586,1
790,4
822,1
2263,8
2551,3
4664,12
5689,1
7737,2
7865,2
78,2
4430,2
4462,6
7534,8
4742,9
4774,6
4799,0
7210,8
7214,9
3633,7
405,9
2453,2
2997,8
3005,2
4249,0
4829,5
1046,1
3094,3
7702,9
849,11
6993,3
6995,1
6999,2
1444,4
4006,12
3088,2
3217,4
3475,1
3590,9
3606,2
3670,5
3702,0
4618,10
6922,0
6923,2
6959,1
1823,2
1887,0
5138,6
5266,0
5270,8
5790,4
4136,4
6184,9
7212,0
7213,1
4673,8
4929,4
5953,4
8017,0
8021,2
2097,1
2169,1
2425,3
3451,6
7430,0
3915,4
4226,7
4230,9
4238,0
5263,7
4701,5
914,7
922,1
2970,0
2170,4
6778,9
6779,8
5908,0
6036,2
5195,5
5227,6
712,3
728,0
2776,6
2777,5
2569,5
2571,9
2587,2
2683,7
2687,8
1299,6
5395,9
5435,2
5439,12
4904,7
4968,3
8040,0
8060,1
338,9
2898,4
3034,9
2725,0
2741,0
2743,1
4676,0
4804,0
4846,1
4737,4
5761,1
5793,4
7849,2
87,7
599,9
855,3
863,1
2943,7
154,8
155,7
1179,4
5275,7
5279,12
6696,1
6952,1
1811,5
1815,1
2202,11
2206,3
6303,8
4746,1
6794,7
6874,7
7898,12
6404,0
6916,5
6924,5
6720,2
6752,4
5298,4
5299,2
5311,9
4585,6
4601,2
4745,5
6809,1
3409,11
3413,8
7509,6
535,8
2615,3
2211,9
2235,0
2747,9
492,2
1532,4
110,6
1386,8
3434,6
3562,7
5165,3
1389,1
1917,4
2655,5
5569,4
4865,1
5897,8
5901,12
6216,11
7000,1
8026,1
4636,10
4638,12
4671,6
4491,0
5003,8
3140,3
3172,4
3308,1
3566,12
6151,0
7175,1
7439,0
4870,11
4942,0
5251,11
5315,2
5344,10
5680,1
7997,8
7572,12
2465,1
2467,10
6631,0
3096,5
3224,11
3480,1
3996,2
6295,4
6807,7
6815,3
341,5
469,1
471,8
2519,4
563,2
101,7
103,0
1143,4
1655,0
4201,10
4457,7
4603,12
756,2
4852,12
5108,2
5109,3
1160,1
3528,10
3560,1
3561,2
4423,6
3534,8
5162,8
3332,2
3397,3
3405,10
653,1
669,5
3741,4
666,4
731,11
2702,4
3822,5
4193,10
7275,3
1148,3
5246,0
6603,1
7627,8
2382,7
2383,7
3919,2
352,3
367,2
7461,11
912,2
5022,2
7070,1
5640,7
5672,6
5673,4
7721,0
2630,5
2782,2
4607,10
1129,5
5225,1
5481,0
7657,0
2068,9
2708,9
2964,1
3029,6
2309,0
7700,1
7988,0
393,1
425,9
5160,6
5240,2
5368,2
2584,4
2586,0
2618,1
2874,0
3898,1
601,8
857,0
842,2
4959,6
1542,5
5638,3
7750,0
7766,0
7894,0
6695,7
7809,12
7847,1
4544,10
5056,5
7104,3
7110,0
7150,2
5536,6
5541,8
6055,1
5271,2
1304,10
3356,0
3485,0
3997,8
5276,2
7837,0
6280,12
6328,7
6332,5
649,7
651,0
943,4
4290,11
4298,7
4554,2
5579,9
2726,5
6830,2
6210,1
7234,11
7754,5
7770,2
7802,10
2325,4
2333,2
6429,6
4948,8
4980,12
6004,2
8052,0
1728,5
7873,4
2444,0
2476,0
2493,9
2557,5
554,4
1457,5
1969,10
1979,7
3126,12
3382,2
3446,5
634,10
1018,0
5114,1
3103,4
7199,3
7263,1
4273,2
5297,8
7345,9
7349,0
7351,3
565,1
629,4
5757,12
4694,7
4695,8
5719,3
482,0
1510,0
2022,7
4070,11
2062,1
2718,2
1192,0
5816,10
5818,12
4868,8
5916,4
5917,5
201,3
205,2
217,8
2265,5
2521,3
4642,10
4770,2
4835,1
5205,6
5237,8
3162,7
3418,1
89,2
345,9
2393,4
2395,6
6495,9
1112,0
1368,6
1369,3
1371,2
3419,1
1097,3
1353,5
1355,1
5451,9
5963,0
5979,1
1667,2
3107,9
3619,4
3875,12
1094,12
5191,7
5199,6
4202,6
4458,5
2577,6
2705,4
6801,3
6803,0
1196,0
3244,2
3581,11
7041,8
7105,4
7113,6
1394,3
3442,11
7666,10
6723,9
4178,1
4210,0
4343,4
4753,0
5013,9
6037,5
3115,3
3643,5
3771,3
3775,6
6555,0
2183,3
2223,5
2074,5
1910,7
3472,2
3984,0
5144,9
5656,3
5692,2
2385,10
2387,3
7635,4
7639,7
2073,0
2105,10
6201,1
6265,3
7033,3
7037,1
2840,4
3032,4
1314,3
1442,1
1443,1
5615,1
5964,5
8012,2
818,11
1842,8
6066,6
2154,10
2158,1
2670,5
2686,11
2815,7
304,11
820,6
4916,1
6232,7
7260,2
5398,5
318,3
446,8
4556,7
7116,4
7164,3
5568,4
5572,7
6094,8
1328,10
1332,12
3380,5
3381,11
7477,1
5810,7
7858,7
555,6
683,10
2811,11
4261,5
4263,0
5287,9
5863,4
6020,3
6119,8
4937,0
4941,4
4973,10
4902,7
4903,4
994,4
2356,8
6956,6
4644,7
4708,3
4716,10
5974,1
6006,2
1569,2
1585,3
1661,10
6013,11
2224,5
6832,2
6838,10
7094,6
5890,5
4897,7
5921,0
1361,0
3957,2
3866,3
3008,10
8136,1
4137,0
4153,0
4285,9
5139,1
5171,6
5243,10
5503,1
5643,2
5803,6
6074,0
7049,0
7051,2
8075,1
2190,10
6286,3
2546,5
3574,5
2390,4
6660,11
7716,2
7972,5
8036,6
3280,1
3796,2
6401,6
7553,5
8065,6
8097,2
91,7
1378,5
5482,7
5486,3
5614,6
681,1
937,3
941,5
314,7
2366,0
6436,8
6454,2
5232,2
5233,3
6001,2
2662,0
3815,7
4663,3
6193,0
6257,6
6259,3
6771,0
6025,5
8073,12
6411,1
6587,0
4209,5
112,3
124,7
1149,2
1405,2
1533,4
1997,1
3654,4
3686,2
3942,1
7344,1
7600,10
7664,5
8176,7
1333,5
1341,4
3389,1
5015,11
5047,5
2433,2
6537,8
7597,5
5504,1
5513,7
5545,0
5549,4
7056,6
7120,11
4529,0
4533,6
4541,1
5053,6
5055,1
5633,7
7767,8
8104,3
8106,11
810,7
811,4
959,5
2104,9
2601,3
2861,0
5411,7
6706,5
7738,0
2656,10
3040,4
7144,7
3138,5
3146,0
3658,10
3786,10
3790,10
1748,11
2004,12
3104,2
7200,2
7216,0
7544,5
6489,4
6617,9
636,9
4733,8
4312,6
4824,1
6873,2
6875,6
1175,8
6039,5
1618,1
3666,6
3671,8
2377,3
6452,10
7476,1
7604,7
7236,0
7372,4
4755,5
4819,10
5843,0
197,8
2245,10
2501,1
3559,12
4670,7
59,0
571,7
1723,2
6178,2
7202,5
7211,1
7076,4
8100,7
5046,6
5110,8
6301,8
6333,5
6397,9
6726,1
6172,6
6173,5
6237,1
429,6
2477,0
3517,10
4500,4
4564,11
4572,7
3112,7
3128,10
2517,9
5896,6
5912,2
7857,9
5414,2
2613,7
6773,2
6781,0
2653,1
2685,1
7714,9
7778,9
8038,10
1317,0
1319,2
972,10
3022,2
3054,5
5771,7
7298,0
7330,6
5273,9
5337,0
4643,5
4651,1
4923,5
4196,3
5348,11
5612,6
6848,1
6849,1
1239,5
1140,1
3188,6
3317,6
5283,11
8115,11
123,11
383,4
3712,6
4073,8
4752,2
4792,8
4240,1
4305,5
4309,7
4565,11
4573,2
5085,7
5762,4
5770,0
5774,3
2520,10
6616,4
4545,6
4577,0
7161,0
2904,6
178,6
182,11
438,0
447,12
6235,2
7259,11
77,11
333,2
2505,0
3017,7
1080,5
1086,10
1598,12
1854,3
6089,9
6304,11
6308,11
6372,12
6636,12
6309,2
6373,3
721,7
729,11
761,2
7900,0
336,5
340,11
852,1
2284,4
5198,3
5214,3
2196,4
6324,11
6580,4
6581,9
6645,4
2124,11
2125,0
2269,0
2836,1
7030,0
2888,10
6987,10
1592,4
1596,3
848,12
977,10
6414,12
6990,8
4489,6
5956,2
5990,5
4817,10
6865,0
6954,7
7978,3
4234,0
4270,3
4782,5
5054,7
2188,5
2460,10
3484,1
3516,3
2440,7
3700,2
3701,7
2672,2
2676,0
2804,4
6958,1
6814,5
6878,0
4144,1
4148,8
6196,7
6836,6
7860,9
1270,0
1279,6
1117,1
5213,4
5215,2
5727,7
6283,12
7308,11
7309,0
7341,8
3236,8
3237,0
5891,1
876,10
1900,0
5172,3
5428,2
5429,2
7693,4
7709,2
7773,9
2939,2
3067,0
5265,1
5777,0
7861,10
1412,4
1414,7
1927,8
3975,6
1253,8
1517,3
3598,0
3854,0
3982,5
3164,1
3292,7
2276,0
1169,1
1171,3
1203,2
1207,3
4167,3
4703,9
2126,4
2142,9
2398,4
4630,5
6023,7
6031,7
2710,3
2711,6
6839,7
7081,2
7097,0
3174,4
5582,10
8066,0
7114,1
1636,8
1892,2
1826,7
1830,12
4645,0
4901,0
4909,7
5390,2
5902,7
3334,5
7526,1
7527,10
6928,0
6992,1
7024,2
6576,6
7605,9
283,5
347,1
475,7
3605,2
139,6
1163,2
1487,0
342,0
854,1
982,2
275,7
4571,4
6672,7
6680,1
6936,7
8024,4
7328,3
6676,1
6932,1
6935,1
2696,3
2952,2
2984,0
2988,5
4012,1
4013,3
4306,4
4310,5
4342,5
2591,3
2847,7
3871,0
557,0
1709,1
3879,4
7975,2
7235,4
7539,5
5605,9
1857,1
1865,8
1897,12
6137,10
3872,0
3882,5
5700,3
5732,11
7780,4
7908,2
1990,7
2006,0
2867,5
3891,4
6209,1
7233,0
7753,4
8011,12
5301,2
2314,10
6410,0
6426,6
6427,12
2768,5
2770,0
7162,7
1153,6
2580,12
2647,9
2775,6
4475,5
3925,4
3212,7
3231,2
3743,7
4439,12
4447,2
3052,1
4208,4
6384,9
6640,7
6644,0
682,5
698,7
699,1
763,9
3049,1
3053,1
3156,11
3708,6
3709,4
4313,2
4317,3
5341,1
5716,4
4448,4
4452,9
6500,5
6511,9
2607,4
6703,10
6552,8
173,2
7149,2
6493,9
307,8
435,5
443,0
4404,0
6453,10
2353,1
2999,8
3428,2
7684,10
2848,1
2868,5
2869,5
1352,10
1480,5
1512,3
1528,9
3134,3
3198,5
6329,4
2803,0
3934,0
1644,3
4836,5
94,0
2143,4
3167,0
3679,1
1078,6
4236,5
4237,1
4253,2
4568,0
5084,9
596,9
2677,7
1286,1
1326,8
1327,0
1343,5
6561,0
6629,3
4420,1
4933,0
5061,9
6085,8
2152,10
3176,11
3688,2
3704,3
7800,11
7803,1
3680,10
3936,8
4064,6
4068,4
6086,3
8134,11
1185,2
1193,9
2481,12
4017,11
4021,4
1938,1
3368,5
3433,8
7529,7
7499,12
6822,9
7078,9
1859,2
1863,2
4361,4
7433,12
8041,5
362,7
2410,6
2558,0
3026,7
3058,5
1684,4
7828,5
4020,5
6912,12
6976,8
5529,11
1800,10
1801,10
5913,12
2504,2
3016,3
3019,7
4043,8
1615,5
2555,0
168,1
2472,6
2537,7
2198,6
2454,8
3401,3
7720,1
1392,11
3443,0
3342,8
468,4
983,4
2007,6
3491,10
4011,2
1869,4
2633,8
2889,12
6102,7
8150,9
4322,5
4834,3
6890,3
6736,2
7152,12
3076,7
7428,6
7429,8
1306,2
1434,2
3994,2
3995,6
3999,1
2954,0
3978,12
5642,3
5754,1
5882,0
1582,4
1790,4
4953,6
7228,0
7229,3
376,4
3577,6
526,0
1550,8
3694,5
3710,8
3081,1
3097,6
3129,4
3131,8
1549,0
1805,12
1933,1
4045,11
4689,0
5713,5
5841,2
5849,5
5851,3
5845,0
5260,2
6028,2
6044,11
4371,7
5523,5
7667,5
2403,2
2419,1
1543,1
1551,2
1567,8
1695,3
1453,10
4550,12
2286,5
3090,6
3130,12
3514,3
255,3
1180,3
370,10
502,5
3124,4
3316,6
7548,0
2825,6
2841,5
2843,2
2907,1
6805,2
7061,0
5073,12
5077,9
5050,4
3388,3
3856,1
3888,8
6480,0
7536,2
2386,7
7034,8
5688,7
5880,1
1729,8
3795,3
2641,4
2645,5
2903,5
3364,3
3492,11
4004,1
3990,4
6682,11
42,3
1130,0
5226,3
5698,3
5986,3
3496,10
3497,0
7187,1
2278,1
3310,0
5068,1
7117,4
2778,11
2779,2
1929,0
5030,3
2691,0
1346,5
1347,0
1379,7
3427,7
3489,12
3553,2
3647,2
5127,5
5383,5
2728,0
3545,0
3074,6
3586,5
428,11
3004,0
7100,9
4516,2
4532,6
4540,10
1035,12
3339,6
7362,4
1896,5
1899,7
1915,3
6011,7
569,11
825,0
2937,3
3065,1
7696,10
7888,7
7920,5
4490,0
5530,12
1170,0
3218,7
3222,7
3766,0
2508,9
2652,3
2201,5
3293,9
3549,0
3551,0
3374,4
1760,5
1257,7
14,4
2638,1
2894,1
4406,7
1161,5
3209,0
3211,5
4363,5
7467,1
7483,0
704,8
1761,5
3821,10
812,0
813,3
4297,12
4553,7
6951,11
3331,5
156,11
2524,5
2648,3
2649,8
3803,10
2814,1
3718,2
3759,6
3091,4
7315,6
2581,8
7703,12
4640,1
6753,1
19,4
83,10
1395,1
6164,9
5994,4
6800,4
6804,3
7068,0
5778,1
5842,3
5874,11
4750,3
3109,8
3175,4
2134,8
6230,2
6871,3
237,2
3852,4
3980,6
4078,11
4486,3
4494,12
4574,8
1624,7
1656,0
5752,10
4786,1
2427,6
5697,0
5985,9
1061,3
3127,2
5025,1
7073,6
4512,0
4513,8
4531,9
4595,0
4599,6
7856,1
3911,1
8007,2
4546,10
195,0
223,4
479,0
2651,11
3896,8
3964,1
2729,2
2793,1
5458,0
5586,5
7634,4
6921,7
7083,9
4576,12
4578,10
5090,12
5106,0
837,9
2885,1
6981,3
6684,0
7805,9
1609,0
1611,2
3593,4
3737,2
3801,12
4110,1
4622,4
4655,1
2920,3
3946,12
1098,12
1114,0
7514,8
4199,1
6247,6
7271,2
7399,2
1377,12
5473,8
7543,9
4296,5
6602,3
6634,6
7762,0
4588,4
6919,7
7063,3
521,3
2731,2
7050,2
7082,1
371,10
6021,3
6029,3
465,1
2513,1
4156,9
4284,6
4348,9
3154,8
7250,9
7251,4
7255,9
5231,3
1199,11
1215,12
815,1
6242,11
6882,2
5681,3
5873,3
4712,7
5533,9
420,2
3529,1
6022,9
7568,2
8080,0
2402,7
6498,8
6626,2
6630,12
1996,2
5217,6
5729,4
236,9
749,6
751,5
8000,7
8001,8
8033,1
7876,3
3481,0
3585,3
3629,8
3645,3
3901,8
2213,5
3751,4
2497,2
3009,3
7121,1
773,5
4869,1
4951,12
867,3
1011,4
638,9
7243,0
1407,2
7334,11
7358,2
7830,10
2740,4
1574,5
1638,0
3687,4
3943,12
3352,7
3384,3
3385,2
3449,2
450,11
4558,7
5678,5
5742,8
308,12
948,7
1972,6
2138,0
7291,2
1095,6
3655,3
6769,2
276,9
4476,1
5628,8
5479,7
6170,4
7258,11
7386,0
689,12
4787,0
2370,10
2394,5
6490,4
6522,8
7546,7
1452,12
1516,8
1241,0
5339,7
1970,11
1971,8
2035,4
1986,9
4364,10
4876,4
4892,5
4894,12
6942,9
5254,2
7318,5
7040,9
8108,3
2955,10
1468,0
5801,12
5805,9
5072,11
5074,1
5086,1
4411,3
6158,6
4426,7
4442,2
6231,7
6359,2
6615,9
1218,1
1255,5
2020,1
968,4
984,0
5410,3
6114,10
4714,1
5995,3
5984,8
8034,10
4320,1
6370,6
6374,4
4460,4
1881,3
5848,12
6136,7
3273,0
4914,9
4926,11
6974,7
677,0
679,2
2727,4
5208,6
5724,12
1012,6
1013,4
3393,2
3286,3
184,3
185,1
189,1
701,5
3027,1
7237,3
7239,4
269,0
335,2
1359,9
4300,4
4813,1
6877,9
5462,4
7510,5
3190,11
3264,12
3552,12
7029,12
3846,12
3863,5
6177,1
7329,0
7333,9
1696,6
3752,6
7848,5
1062,2
1070,1
5230,11
7715,8
3050,0
5295,8
7343,1
5649,3
5969,11
5977,1
7968,8
403,8
4499,1
1224,4
1231,6
7375,8
2554,9
3066,2
3181,1
1107,7
1111,5
1367,3
1375,1
1503,1
3105,12
3113,3
3193,3
946,4
4373,6
4437,3
4809,11
4619,0
6667,10
6811,1
4186,8
5210,7
5211,1
4858,9
2352,10
2479,7
6528,7
6544,2
6612,0
5394,1
5978,6
740,2
7916,3
6272,0
7302,2
7335,1
1563,5
1663,1
6920,9
6940,2
7006,3
1524,3
1525,8
804,0
2400,3
2916,10
1837,10
6712,2
7036,9
4521,8
4537,8
3840,6
7772,0
7241,2
7785,1
1872,0
3920,11
4056,3
2197,5
2709,2
3733,0
7621,1
1840,3
1853,1
7042,4
6564,3
6566,10
281,7
6557,4
2337,9
645,4
4749,1
5007,1
4294,5
6343,2
7367,0
1496,8
1498,3
3147,1
3403,3
6885,8
6893,1
586,3
750,2
2798,10
4739,4
4783,7
3142,1
3182,5
824,8
4920,2
5950,1
5456,6
5973,6
5981,7
6795,2
6844,5
6845,0
4878,0
4910,4
5934,2
1546,8
1802,12
1806,3
1934,1
1966,5
2030,10
612,1
742,4
998,0
284,10
2133,8
7285,2
167,1
4681,1
4685,8
4687,1
4304,4
4560,0
4561,2
8145,5
3991,6
2082,0
2086,12
291,5
4395,0
4907,12
5947,9
464,2
976,4
5080,5
2595,5
2259,11
2771,1
3799,0
2911,7
2405,5
2917,11
2941,7
3656,7
3657,12
3689,5
3693,7
5135,7
6162,12
6418,3
397,9
1455,3
5258,4
5274,4
5850,6
5284,11
5285,7
7589,10
7314,0
7826,12
7834,4
7264,0
7272,3
7274,1
169,10
5293,0
2408,8
6632,1
6648,0
5150,12
6269,4
5498,4
6337,0
7393,5
298,0
363,2
2411,0
6651,1
5575,0
5155,0
5795,1
708,7
2772,3
2780,5
4495,7
917,3
2965,6
3235,3
2982,0
2719,6
3884,9
4682,0
5524,0
2179,7
2243,3
301,1
2989,6
377,3
889,2
1913,8
2713,4
2236,5
311,8
179,12
1128,0
3950,4
6939,6
1079,8
1335,0
5495,6
806,6
1014,3
2253,0
7373,8
2464,3
4432,1
5584,6
7632,7
930,10
5501,10
7436,9
7564,0
8076,2
632,11
633,7
5682,0
5683,4
1691,4
736,2
2914,2
2915,4
2931,2
2935,0
170,6
2282,4
1320,2
1960,3
2024,5
6188,1
5385,2
7593,7
934,6
2500,8
2526,4
6154,4
7310,4
6802,6
7058,5
8114,1
4932,0
4964,1
5996,6
1144,5
3192,7
3578,11
6483,10
697,2
953,0
3555,5
2346,6
6506,5
6510,12
7022,5
7009,8
7181,6
3870,9
231,6
2279,4
7940,1
8004,0
4552,0
4569,9
6619,7
1228,3
1740,4
1999,5
5167,0
5253,5
5797,5
7048,7
8140,11
4142,1
4207,4
5484,1
5500,5
5182,9
1715,2
935,9
5932,4
5933,6
2195,5
6149,8
6725,1
7781,6
4856,8
3604,0
2714,6
3668,12
4530,6
4534,1
5267,5
5783,0
4184,10
4696,5
3357,8
4417,11
6271,5
2043,5
7608,7
7609,8
783,11
799,0
2261,7
2781,1
5212,1
4260,1
6076,7
5249,4
3106,0
3114,0
3370,2
4919,6
1798,7
3974,2
4867,1
4995,2
5059,9
7107,6
5769,3
7819,7
3650,2
3682,0
3954,4
3336,9
3450,2
4194,5
4218,0
7290,1
613,3
4717,2
1020,7
4365,2
4397,3
4525,2
7921,5
6202,5
6715,9
7297,5
7361,6
7883,4
7320,11
7384,3
692,4
1716,3
1726,11
4330,1
4497,1
4593,3
4617,0
7689,5
315,6
3715,4
3719,8
3727,0
458,0
2484,4
2492,0
1459,1
4019,4
6545,1
2665,2
7752,0
2938,0
3460,7
3470,6
422,7
6546,5
6554,2
6618,2
3865,2
3897,4
501,1
4900,8
2634,4
1474,4
1506,4
1522,10
5618,2
5619,3
1448,6
1513,5
2471,7
2487,7
1416,7
1417,7
5531,7
1851,4
753,1
4396,9
5949,3
6381,5
7405,7
5002,0
5766,3
593,9
597,1
887,1
1290,1
3466,6
2531,4
2535,11
3639,0
6246,2
6734,4
316,1
828,0
830,7
7185,9
4677,1
3773,9
3243,3
3499,8
6906,10
542,5
2590,2
6686,10
6169,4
6425,5
1952,10
4000,2
4072,0
4076,1
115,8
4950,9
5426,4
5431,5
5559,1
6609,0
7633,2
3375,4
6668,4
7724,2
1017,8
6002,4
5723,6
1178,4
5343,7
5509,7
5525,3
1831,10
5746,1
5750,0
3520,9
7197,0
5168,7
7410,0
1122,7
5222,3
7270,10
962,10
3010,1
3018,1
628,6
4536,0
6792,7
6808,8
166,5
2230,9
6326,2
5324,5
7628,11
885,0
3196,9
6165,9
7191,11
1411,0
1447,8
1463,5
4456,5
6977,3
7005,0
758,3
766,6
7435,8
5325,2
5373,6
738,8
568,7
696,3
7893,9
2612,9
3892,1
4171,4
4187,3
4191,6
2463,3
111,2
4960,1
1768,7
2700,2
2732,0
7086,5
2317,7
2445,2
2746,5
2191,8
4709,9
6757,0
2139,6
4501,8
5045,4
3253,7
3774,3
4278,4
4854,9
5024,5
5029,2
3259,12
4466,7
410,0
2458,9
2328,0
3386,1
4700,2
4732,0
4860,10
6440,2
5133,7
5261,7
6904,5
5476,6
7945,6
7961,1
47,8
5423,2
5487,0
476,2
988,8
5157,4
5159,1
5223,4
6761,0
7952,3
3716,4
404,3
406,7
3220,9
3740,11
5250,0
5538,6
8162,11
4720,0
4724,2
4725,0
793,8
4767,2
1692,1
1756,3
1758,9
219,2
5835,7
3201,10
7389,0
622,0
2002,4
2003,4
5573,2
2679,2
3432,2
7528,4
6297,10
6553,5
375,3
5092,11
1486,5
1145,0
1151,4
4333,3
5357,11
5869,6
4675,11
4691,8
5715,2
925,4
3905,4
4033,4
8131,0
4275,2
4177,2
4433,6
6481,8
6485,0
6613,6
5708,3
1794,8
4002,9
670,4
703,5
496,11
498,7
1864,0
1867,5
1822,5
1886,3
4896,12
3591,10
572,11
2109,0
6760,3
7913,12
2475,12
3051,10
4570,12
5082,10
5083,1
2707,6
2715,3
2009,11
6914,5
6918,1
7966,11
6824,1
1843,2
727,5
735,9
3488,2
1053,11
3101,2
3820,9
2626,4
2886,7
6982,2
798,0
5918,2
2092,12
2222,0
6318,5
4625,2
4881,11
4913,3
4917,0
4981,6
4983,1
4884,12
553,11
1839,6
4449,6
6497,1
6499,5
6507,4
2529,0
2545,2
3683,0
3691,1
1147,0
781,5
2000,3
2032,0
5422,7
7554,5
7558,1
3020,7
4044,2
4620,4
6748,10
2635,9
6417,5
6449,5
7089,2
3777,1
1625,8
2512,7
3536,1
7642,0
102,2
4328,8
713,10
1737,2
1741,12
5837,0
6475,3
6523,5
2034,4
6130,9
5353,4
5625,10
8013,3
7586,5
7246,7
3152,10
3153,12
3921,8
3929,6
2956,1
4111,9
4127,12
4383,7
3215,0
2490,2
1212,4
1214,3
6687,9
1157,6
109,7
5747,8
2384,1
2896,0
5008,5
6096,3
5779,0
5202,10
5234,7
5374,3
5922,4
5926,6
4149,3
4661,0
358,6
1967,0
780,6
4061,0
3508,12
3509,3
421,1
431,11
2495,7
2851,2
6947,4
7011,9
5763,3
5141,9
5397,1
5911,10
2291,2
2299,4
3323,4
5657,7
7739,3
7530,10
2318,12
2446,4
2462,0
607,5
6812,1
5811,2
6112,1
4303,3
5839,10
6913,7
7057,12
3143,12
6519,9
7232,7
7360,2
7616,1
7617,1
7665,12
1779,1
6049,7
6129,12
606,1
862,4
4952,11
4957,1
684,1
940,1
1713,10
5853,6
3343,1
877,6
7021,9
6199,11
931,0
1292,9
1293,1
5389,12
6693,1
2018,1
7138,11
1068,10
7215,4
7471,8
8078,9
4190,6
4446,0
2107,2
2171,5
1397,1
6950,4
3404,0
5328,4
7380,11
7412,10
7818,2
3362,12
3426,0
1858,10
1862,0
7953,0
1141,3
6300,6
7325,5
2953,0
4009,11
4198,1
864,4
8032,5
7681,2
6960,6
7088,0
7160,3
4165,7
4181,10
5463,7
6061,7
2160,7
6768,0
1677,11
1727,10
6042,5
8091,12
5734,12
844,12
4940,10
4972,0
4523,3
4587,2
4641,3
5667,0
2947,4
5676,7
432,5
4528,10
4543,2
6197,6
6965,7
2842,5
2846,0
1753,0
1350,11
1398,2
5624,10
7801,0
7222,2
7286,6
891,10
4987,2
2204,1
470,3
2203,9
3227,0
3291,7
5954,3
5955,5
1223,2
1735,1
7364,0
7366,1
7878,3
3571,8
5776,9
6306,12
6310,4
2737,0
2745,8
3769,1
604,4
6780,5
1425,2
1521,5
2090,6
7322,10
3808,6
1187,6
7340,0
7342,3
2582,9
390,0
2141,10
2429,4
5944,3
5948,11
4506,11
4493,1
4589,2
4605,2
2909,6
4394,1
1697,8
7305,7
888,3
890,11
5825,2
7797,5
51,12
2163,2
2135,1
7223,2
1183,4
7012,2
453,9
2533,10
2549,3
3573,11
5291,12
7203,2
4391,12
6439,7
7017,8
7145,10
755,2
759,6
1783,0
2756,8
2067,0
6600,2
6277,0
6565,2
6744,4
6745,1
7769,3
1237,3
5333,1
6101,1
4816,4
5203,7
3618,5
4387,6
4527,4
6663,12
2375,1
4262,9
3486,5
932,12
2983,4
2567,1
6679,11
2349,0
4635,5
3570,10
6533,10
5280,1
2102,9
2166,1
1246,11
5342,1
859,1
1883,2
2697,0
6793,6
6859,6
3873,6
2659,0
3043,5
6892,2
1573,0
3637,10
1676,6
3789,7
2563,0
2579,1
6747,1
4266,9
4267,4
6315,1
2331,6
2459,4
2523,4
3869,6
2389,5
2901,9
2264,12
3288,0
3544,3
3546,0
4955,0
1937,0
1589,10
3765,9
7028,11
7156,6
2518,1
2527,4
559,6
687,2
1711,1
4908,7
5036,5
7084,9
970,2
6388,4
4985,6
4474,5
5644,5
8092,2
4286,7
1848,2
1849,10
387,8
899,7
4413,3
4925,3
6737,7
1240,1
1243,0
1167,3
4667,0
945,1
6069,1
5870,9
6444,0
6305,10
6313,6
7337,5
5852,5
7268,0
7524,9
7540,2
2845,6
2877,5
6593,6
6597,9
2994,2
5329,10
1437,6
1641,9
2661,10
5899,3
7947,2
6194,1
6514,0
6642,1
5169,8
558,2
5679,1
6405,2
7941,1
2617,4
2247,2
3047,1
5704,4
1101,3
1103,9
1106,3
7254,3
409,11
413,8
4509,0
122,0
4415,9
2979,1
4007,7
4135,4
868,0
871,0
2789,5
497,1
5303,0
5706,9
617,4
1003,8
3289,5
4431,5
5781,3
2229,6
6542,2
3169,6
3297,9
3299,1
6183,0
6311,2
6319,8
7482,1
1250,1
3298,6
3302,10
6543,12
907,1
5792,2
5674,6
5675,5
4763,3
4329,8
6155,4
6159,10
4109,0
7533,4
6338,5
5474,1
7300,10
3558,7
4945,0
5101,8
1818,0
3594,8
3738,3
1481,6
1995,10
7816,3
933,3
2010,1
490,9
1449,0
4301,8
29,1
2077,8
1762,8
7504,2
5696,4
7378,1
331,12
7531,0
1888,1
3173,6
6128,1
3266,3
3318,1
4487,8
6861,4
6224,1
6352,0
4833,2
4841,6
3770,1
7866,1
7936,9
7946,5
4341,9
7970,5
7974,1
7982,3
349,7
5548,1
7596,3
4314,6
6362,4
6394,1
79,1
4883,7
5907,10
3408,12
3444,1
3572,12
7437,5
4325,11
6572,7
5472,0
6250,0
6251,3
4375,5
436,11
660,0
1941,2
1973,5
7840,6
1063,2
1575,3
2978,9
1685,12
1943,0
153,8
5146,1
5306,7
2948,7
6473,7
6477,4
279,3
343,1
1274,0
5626,1
7281,12
1778,7
1799,9
7497,2
7262,9
3416,2
3420,7
3207,3
4443,5
2835,5
6316,2
457,1
6601,8
4401,0
5937,0
1189,7
5480,0
5610,0
5220,9
7269,2
7783,9
6378,2
6284,5
7820,0
7884,0
7906,3
2251,10
3787,9
7242,3
5961,7
8009,0
365,2
3376,2
3899,6
2621,3
4257,1
5281,0
2416,5
4503,4
6551,3
2663,1
6759,8
507,2
3762,0
5785,1
4875,12
1305,6
1309,0
4428,1
4429,4
1162,5
1674,7
1706,9
3754,6
3755,6
5654,5
6213,1
6732,0
7757,2
2761,12
6341,11
661,8
4757,10
4956,5
1472,10
1476,11
7950,1
2008,5
2040,6
5736,12
5738,2
2863,0
3887,2
6535,3
2016,6
7067,4
2234,11
3258,2
3262,10
2632,1
6728,11
8184,1
1150,7
2684,1
2812,6
2827,0
454,3
5252,7
5310,4
5018,1
1441,2
5547,9
1797,6
851,4
1875,5
8160,3
6390,6
7475,2
635,1
427,3
911,6
3373,6
4468,7
7584,1
7648,7
7066,1
1681,12
1683,3
1939,2
6556,0
7612,1
1287,5
6008,2
6009,2
7942,4
4339,7
5647,8
1432,9
1689,6
6323,3
6464,10
3726,11
4886,6
3229,8
6377,1
1125,3
1637,12
1765,2
477,3
5507,9
2977,11
3272,1
3788,5
5720,8
3371,11
4790,1
5814,3
5347,10
3344,3
8084,3
1363,1
1421,1
2926,0
1391,4
5403,1
3928,1
886,4
1809,2
1873,4
733,6
2199,8
2396,8
6198,0
6262,10
4986,11
7760,3
7761,4
7377,5
5094,2
7043,11
4657,1
7219,3
2627,4
6187,11
3525,2
6223,2
6351,5
221,4
1757,7
2826,4
2862,0
3886,7
4321,8
2854,12
3878,3
3730,10
5517,8
4764,0
5788,12
4412,1
5294,1
2215,4
1588,11
5685,10
2744,10
2808,3
2980,4
4455,0
159,3
4255,4
6864,2
7577,3
4435,5
4535,6
7890,3
5830,0
2883,0
3031,12
1268,2
3238,5
5553,2
4465,0
6513,6
6521,1
3230,4
2381,6
539,8
3617,7
5391,11
6195,10
455,0
4559,2
1206,3
1462,5
1617,9
5975,7
7174,11
5194,5
5707,2
1146,3
1403,2
2296,1
1994,1
2544,12
2379,5
5201,5
711,10
2837,10
7207,2
3745,10
5178,12
7601,6
5671,9
1311,0
6820,1
6416,7
7492,9
4814,1
2001,0
4821,1
4823,3
7500,6
8044,5
6997,4
2660,12
2790,0
4349,6
218,5
2664,6
2248,1
6345,2
6361,2
4730,3
2509,8
2604,7
2668,1
1904,3
5594,9
6733,6
6765,4
1993,4
7698,7
1902,2
5269,0
3300,4
7396,5
5705,7
5833,0
8137,6
4231,6
1603,12
1635,6
366,11
6665,8
6681,1
6713,2
5470,11
1318,2
1342,9
1132,4
3857,2
3424,11
3425,1
4071,0
3922,2
2486,2
5864,0
5351,7
5511,7
7697,9
7705,3
1362,0
8056,4
6989,12
1597,12
7177,1
7193,7
5318,12
7414,6
7464,12
7465,8
5322,8
5354,0
5358,1
2530,3
2534,1
186,6
1466,2
1530,8
519,0
1817,0
5768,1
1559,6
5497,2
903,1
6900,11
1835,1
4828,7
6876,3
4633,4
3952,0
5032,3
829,7
1771,4
2355,4
6432,3
6945,1
6955,5
5057,3
8129,3
1649,8
3177,1
3305,8
6568,8
4748,8
6796,6
6532,1
5427,5
3306,1
6756,5
6758,3
7014,7
7326,3
249,1
6270,6
7404,0
5229,1
5288,7
5289,5
709,5
183,6
3417,2
6255,4
700,4
313,9
5049,1
6073,6
3221,0
6540,0
1678,7
2418,1
473,4
6457,5
1264,8
2958,7
6468,7
6980,1
6996,3
2488,0
3512,1
4025,9
2268,1
6549,9
7573,4
7994,5
5004,3
2900,0
3902,4
3960,11
4324,12
7196,12
3537,0
4049,0
2611,1
2675,2
508,3
7912,0
1234,1
1754,5
6360,9
7496,3
7630,5
6746,7
2986,2
4014,1
5826,0
2093,2
6461,10
1630,5
1001,12
485,10
7299,1
836,4
4974,9
3850,5
7220,3
7230,8
4621,7
3479,1
2070,9
2583,8
7376,2
7339,0
2137,10
2173,0
2784,0
6880,3
7904,2
7910,6
5965,9
4562,6
2722,3
1541,1
1669,1
1743,3
6515,6
2423,5
4652,6
1673,0
6296,2
6339,2
7403,2
1612,6
838,4
974,3
1998,3
1583,1
1381,0
6264,6
6776,5
7776,7
7928,5
2987,7
1372,2
5105,4
6082,5
4291,0
4323,6
909,3
1965,6
4977,1
5014,8
3848,10
441,8
4844,2
5102,2
7352,12
5096,11
5112,2
1227,11
3275,4
7808,1
3195,3
3163,6
5645,9
7949,2
6856,9
379,5
5555,3
5475,10
1338,1
1531,4
4871,0
4911,8
5670,3
8042,0
1991,1
2622,1
380,1
4125,2
5360,1
7408,3
7416,11
7672,11
5207,0
4340,3
541,4
797,7
6389,0
997,4
2323,3
2899,4
3394,8
3398,9
6818,12
5371,10
1142,5
3191,8
5721,6
3179,7
7176,4
7208,4
5686,5
4970,0
5098,2
6219,8
6968,11
1195,5
3307,6
3862,1
4584,10
4600,0
7261,0
1258,2
7658,7
2271,9
2823,7
2887,7
4760,6
6872,5
3285,0
414,3
478,5
5593,9
6105,0
6970,1
7075,5
3157,2
714,7
4189,1
7944,12
1330,8
2267,3
7479,4
5478,9
6465,11
3904,1
7460,0
248,4
2905,1
4145,3
2210,8
2466,12
3255,2
7804,3
3118,1
6469,1
6487,11
7537,5
6689,8
4157,2
5906,8
4697,1
7317,2
7122,8
995,7
1458,8
3506,9
680,4
3841,10
7937,10
7969,7
5418,1
3340,12
3468,1
3500,8
5425,1
7354,4
3248,7
3504,7
3513,2
4698,12
4954,7
4519,5
6724,2
5221,1
5477,0
5485,7
348,3
892,12
495,6
926,3
927,11
2859,1
7253,7
6331,4
1507,3
1989,8
872,0
6325,6
2658,0
3810,0
5585,4
5173,2
1135,1
3526,1
7277,0
2822,0
4629,11
5653,6
5909,2
609,6
2029,6
5789,7
5206,2
4594,4
7641,2
4393,7
2406,0
7440,12
7506,0
1772,11
415,1
2274,6
2786,11
5400,3
3611,5
2760,5
6292,6
1653,7
5749,9
5362,5
4213,0
4508,5
7580,3
6287,10
6375,4
2972,7
7624,8
6979,8
6969,1
7520,10
8005,5
7751,1
2996,5
4302,0
1400,4
1912,2
4820,1
6868,6
5740,7
7398,9
5589,2
5722,7
1435,8
5535,3
2605,0
2879,2
3282,8
794,4
986,7
726,12
990,5
1890,7
6466,4
6470,8
7590,2
5268,6
118,0
254,5
3800,7
4252,3
1565,5
6254,1
6782,2
5840,0
1456,8
1968,4
7226,9
551,5
8096,2
250,5
1265,4
1273,2
1277,2
2075,7
6171,1
2540,3
5245,9
6203,2
6459,11
2536,11
2552,7
1775,0
4699,5
3547,4
841,10
5277,0
487,9
4138,5
5035,0
3945,1
3249,4
6392,3
6851,1
3913,1
6484,8
4905,10
5033,2
4946,0
1324,5
3011,9
1672,0
2260,2
2262,6
1467,0
2614,0
1675,0
3723,2
2736,12
6336,0
7363,0
4311,12
5733,4
1985,7
543,2
671,1
3533,0
4217,7
1520,8
2666,6
4422,1
1307,2
5314,7
5834,5
302,2
2161,10
3185,7
3893,8
2606,3
6641,0
1882,9
1208,2
3761,0
685,2
2733,2
6829,3
7096,5
6840,2
7179,5
4271,3
1724,9
7472,1
1357,0
5453,2
1738,3
4405,5
6258,9
5588,8
6670,6
6926,3
1722,1
5386,12
5387,5
6972,8
3024,8
4665,0
1930,4
6027,1
5166,9
7470,12
1110,12
1118,3
1374,10
765,3
3276,12
7388,9
3849,4
3756,1
1813,0
4173,6
6221,4
3233,4
7954,8
7205,1
7733,5
4971,0
6279,3
2219,12
1269,3
7764,6
3440,9
3445,5
3600,7
3732,8
7862,1
7027,4
1043,5
3410,0
3214,7
3246,2
6268,12
6524,9
2913,4
6330,1
4440,12
6488,3
1523,0
7480,3
4461,7
326,10
1736,12
1430,11
3569,2
6423,3
7896,10
6834,5
4197,3
662,6
2669,3
1634,4
1650,0
3587,6
2695,3
2599,1
4726,0
4459,3
2401,11
3641,3
2890,5
2923,4
3649,4
2940,0
1770,5
3399,1
4893,1
2682,7
7683,1
7811,4
4873,7
5666,12
5938,2
3931,2
4182,0
4183,0
143,11
975,2
6707,9
3669,2
6190,7
2150,5
1422,6
5809,3
5960,0
3826,5
4797,0
7948,3
2469,9
6573,6
2882,3
6704,9
796,5
723,5
3665,1
6633,4
1331,0
4482,4
5506,1
3977,11
3254,0
7736,0
6396,3
2858,1
3697,7
5780,3
2910,2
1445,0
4036,12
7003,9
3914,1
6368,4
6624,11
5557,11
8016,10
3241,0
7812,5
1256,4
1784,0
7585,6
1705,4
7971,0
5987,1
1351,2
5290,0
5802,8
4982,7
1426,5
5534,0
5338,3
1607,5
4471,4
1138,3
6666,7
3303,0
5488,2
5489,5
5714,1
1275,0
5639,0
7943,9
5197,3
1325,9
7400,5
2362,2
1508,6
3353,8
5646,1
5027,1
5772,12
5836,7
5868,6
7019,11
4269,10
6040,4
3099,2
7525,0
2414,4
3699,6
921,4
127,7
4735,0
2585,7
2981,0
7939,0
8067,1
3245,1
6529,4
2642,8
6866,4
1945,2
4344,4
5804,1
6961,8
3556,2
5459,5
3568,10
7195,0
4398,4
6446,1
2347,8
4514,10
1629,0
752,4
1776,4
5872,4
3753,3
3510,6
6628,5
2233,10
6764,9
4222,6
4734,12
6962,2
7090,0
1978,2
566,4
6217,1
7148,10
3735,1
1420,4
4566,2
4567,9
2528,7
4308,0
6833,5
5992,0
4668,6
6677,1
5244,12
4669,11
4887,0
1734,9
3782,2
4008,8
7209,0
7481,1
1133,8
4818,8
4822,0
1773,3
2270,5
3607,2
1781,5
2167,12
3785,5
3325,7
7787,11
6395,7
3363,9
4889,4
5081,2
6536,10
8088,12
4891,3
4927,0
7964,3
4979,0
4778,4
2499,7
5467,5
2417,2
4366,0
3012,2
2870,1
1173,12
5158,1
7718,2
7625,0
2748,3
6508,0
5330,3
174,0
1652,9
2231,0
882,2
639,1
4117,1
5571,1
6010,10
694,0
6994,3
1584,4
3184,3
1821,4
716,9
3348,2
1387,11
4185,1
4453,2
7938,12
7518,0
5259,1
5787,3
5407,3
252,3
5436,11
4549,0
4151,4
2131,2
764,0
1339,6
489,2
4239,2
191,6
5515,6
5551,0
6253,10
1451,3
991,4
285,7
1648,5
1008,3
4918,4
1769,1
5255,7
3596,3
3692,0
1894,9
8068,0
6320,10
6322,3
3459,11
3483,1
3541,6
567,3
1591,3
4969,6
3505,3
4713,8
2678,1
6501,3
6482,1
2967,1
3523,8
6547,7
858,3
987,12
7217,10
2293,2
6567,7
3178,1
7556,1
3223,10
126,3
3750,0
2881,9
4203,2
4715,0
4315,0
1493,3
3271,8
7588,10
7368,0
7409,10
4623,1
4639,3
2232,1
3000,1
823,9
949,0
7273,0
7852,11
1194,5
1198,9
1276,6
5292,4
1329,0
1401,6
7072,5
4472,10
7694,5
3121,0
1294,1
2165,11
3242,0
7136,2
573,1
5066,0
4765,1
3973,12
1712,1
1898,1
3002,2
3868,7
3932,3
7570,0
5539,10
5543,10
5665,4
5669,1
7798,5
7346,9
1272,0
605,1
1577,6
1833,5
4949,1
6421,0
3696,0
2187,11
6562,7
6662,6
7238,4
3794,4
5712,6
2643,1
1752,0
795,2
4245,7
2796,1
3938,0
1944,5
1951,6
4066,5
7026,10
3145,4
5062,1
244,7
2548,0
5528,2
7336,2
6245,8
6474,7
6479,9
2226,6
840,3
845,0
2893,0
5658,1
5914,4
4206,12
5180,7
506,3
939,4
2409,4
2925,11
1464,0
6353,2
6594,1
979,3
2168,8
3448,1
6321,3
4316,3
6234,8
3252,2
6442,10
6443,0
6729,4
3378,2
373,3
2421,4
6344,0
6363,0
3677,2
5865,6
4924,4
2350,2
2327,7
5875,3
3257,6
6233,0
1953,0
271,9
368,7
880,2
7047,0
4596,0
6226,3
966,4
3014,7
5980,0
1601,0
4505,0
3159,7
5235,8
4947,6
5340,8
6496,5
7784,3
4407,0
121,6
3860,1
6244,10
6574,1
719,8
7756,10
5808,1
743,6
4580,10
7726,0
6927,6
2374,3
3924,4
1733,10
5496,2
2902,1
4662,6
6750,1
1229,6
7227,0
509,0
4810,0
1340,11
4268,4
7571,9
6376,2
591,10
7001,7
7960,9
1763,8
963,6
4912,7
1470,4
4331,4
6889,1
6471,8
7204,8
5361,10
575,2
500,0
4251,6
2437,12
2692,8
2734,8
4283,9
3139,12
7692,4
6317,2
187,1
816,1
6227,3
4637,1
2754,5
2762,1
6413,3
1501,8
1587,0
423,2
4785,0
3659,7
3042,4
1646,0
5710,10
6571,4
3603,7
4597,2
2730,9
2829,7
3853,3
6749,1
6908,0
6214,8
6731,12
2810,0
5104,2
6852,7
5405,9
317,10
3422,3
5773,12
5775,7
6983,0
4539,1
1336,1
778,5
7288,4
6356,6
2491,3
474,10
2334,3
2813,0
741,7
4845,4
884,4
1908,4
3876,5
1322,4
5449,2
2839,7
6206,7
5606,8
5026,5
4702,4
5794,3
1955,1
5838,0
5142,4
5915,3
7620,2
5576,12
615,7
978,0
5320,11
2480,7
6579,0
2341,3
2365,8
493,2
1021,11
7454,3
7713,5
7768,3
5546,3
3166,8
3625,5
1446,4
760,4
3624,4
6204,1
3817,1
3402,2
7498,12
4524,0
4590,7
2266,7
1885,8
3674,2
4538,4
5562,3
4647,1
722,2
7889,4
831,2
3155,3
3411,0
1245,6
1484,2
5603,4
6207,0
4350,0
4781,3
7032,0
2852,2
7973,4
1645,2
6205,4
918,12
936,10
1315,1
5592,11
4921,0
2550,3
351,8
3941,6
3354,4
2993,3
6530,12
4041,2
5219,6
4837,7
3844,12
4212,3
4220,12
7466,1
2749,0
1482,7
5272,0
5346,0
7474,11
6298,3
381,6
6450,0
1518,4
1739,5
6988,8
7370,5
1647,0
4469,12
2391,1
957,12
3228,6
5446,0
3158,7
6714,8
2802,8
2918,7
1242,2
6857,4
5037,12
5709,1
5711,5
3210,5
3530,4
1622,6
5356,7
1005,11
2392,6
5945,1
4895,4
3429,3
1961,2
7758,6
2426,7
4515,0
4579,2
6888,0
6821,10
3685,9
2157,5
2156,7
6491,2
3150,2
1402,3
2455,0
5905,4
6710,8
1247,0
6355,2
5784,12
6740,10
6741,1
5861,5
3613,3
5443,3
5957,8
5931,3
295,3
7458,2
5691,9
1962,0
5889,1
5554,2
5800,9
6806,1
3780,8
346,9
5668,0
1278,11
7729,10
1613,1
4705,0
574,9
4276,1
4711,0
739,11
1964,2
2892,2
3601,0
4454,0
6186,0
2449,3
4175,3
7438,2
7602,7
7731,3
6191,11
6763,3
4811,5
3661,0
5817,6
1766,4
2742,5
2806,1
1819,2
7512,6
5447,6
3415,5
1260,3
1623,11
954,0
5570,2
1954,2
5239,7
2298,0
6739,2
2301,3
5041,3
1884,3
2950,1
748,7
1099,12
7452,3
2936,1
7282,8
7844,6
1450,0
7256,2
7265,6
3793,0
7080,10
1751,6
3940,2
7734,9
1906,2
875,11
1433,4
4727,4
3576,9
4295,0
2218,12
6837,9
2489,4
3494,9
7576,1
4793,8
3041,6
2026,10
7442,1
2428,11
2430,7
4247,2
7016,0
4441,0
6174,2
2155,3
3651,4
5726,0
3937,10
3724,1
717,10
6072,1
1586,1
1590,3
4978,3
4794,7
4119,9
4958,1
3148,3
7301,3
3622,2
3250,5
4931,3
5091,4
7892,5
6314,12
7980,1
5450,0
6448,12
3764,3
4806,1
2553,2
3987,2
2330,9
6823,1
3667,8
2922,8
754,5
5100,1
5786,11
6870,3
1366,4
7355,1
119,0
6884,3
7252,2
1958,0
2769,1
7881,0
350,0
303,4
3623,2
7311,10
4215,4
1119,4
4347,7
378,1
2351,11
7266,2
6019,9
5832,0
3690,2
6512,3
1992,10
7025,1
6930,3
3971,9
1511,3
4693,1
2723,7
5336,10
5034,2
1841,2
6541,5
929,4
4381,1
4773,10
5522,2
2424,3
6451,2
1836,7
7206,1
631,6
4492,11
4179,7
1370,12
1850,2
3062,2
5659,9
5812,10
3502,1
4938,4
6516,3
4885,4
2680,12
6690,3
2207,3
952,9
1251,2
5406,1
6772,4
1427,8
6854,12
3906,9
7557,2
1267,10
5602,4
6460,3
2963,1
2758,10
7559,4
5454,3
2364,8
6678,9
1514,2
5242,5
4473,0
6708,1
1654,6
445,3
3522,7
3554,6
7640,6
7690,3
7508,6
3909,0
6364,4
4808,2
3473,1
6215,9
924,10
6563,12
4631,1
1181,4
5286,2
6700,6
1004,1
4035,8
1083,4
2522,12
7569,10
1704,8
5923,1
4683,3
7650,6
5355,8
3972,5
6915,8
1721,3
4848,1
7189,0
5939,2
7356,9
6433,8
430,7
6560,5
6933,4
8144,12
6937,3
4467,0
1254,11
590,5
2667,12
3792,4
5278,3
7522,6
1454,4
5238,7
4221,7
967,1
7505,2
5093,0
