0,6
512,12
768,1
896,12
1920,8
1952,9
6114,4
6122,9
6123,11
2048,9
2064,12
2320,8
2352,6
2356,1
6454,2
6582,7
8126,10
64,3
80,4
112,3
2160,9
3184,5
3194,1
3322,9
7418,0
8186,6
4096,4
4100,12
4116,11
4148,8
4276,1
4532,4
6069,2
6071,7
32,5
1058,10
1186,11
1442,3
7591,0
8119,1
40,0
4136,8
4648,10
4776,11
6826,3
7867,7
8123,5
16,4
20,10
4244,11
4246,1
4247,1
4767,1
4799,4
1,12
4097,9
5121,11
5125,8
5253,10
5309,3
5567,6
1024,8
1040,12
1168,5
3216,9
3218,11
3250,1
7351,9
7415,10
7423,9
6144,3
6176,8
6688,9
6752,3
6880,2
6890,7
7146,5
8170,10
4,7
68,7
76,5
204,8
3021,0
7117,8
8141,10
8189,9
7168,3
7424,6
7552,1
7584,1
7600,7
7676,9
7677,1
1296,10
3474,3
3986,0
8115,10
8179,11
640,2
656,4
912,7
920,8
922,3
1018,11
1023,9
5119,2
2,11
10,2
11,4
267,1
2315,0
2363,3
6655,10
4128,10
4384,9
4386,11
4390,6
4518,4
4526,3
5550,10
6062,10
8174,2
516,6
1540,4
3588,4
3716,4
4076,3
8172,1
4736,3
4744,4
5768,2
6024,0
6040,3
6042,0
6416,3
7444,6
7453,1
7581,0
2056,4
2184,4
6280,6
7322,0
7578,5
7582,1
128,7
2688,0
3712,4
7810,6
7826,6
7834,3
7838,6
144,12
176,11
2224,5
2228,3
2485,0
6653,10
7165,6
577,5
579,3
843,9
875,4
4987,6
7163,3
256,0
5920,7
5984,0
5994,3
5998,9
6014,2
132,10
4228,3
4236,4
4300,8
4844,3
5100,1
5116,6
660,9
692,7
702,2
1726,2
3838,8
5120,3
5136,11
5144,9
5272,7
5339,4
5595,4
8,2
4104,8
4120,6
4152,3
5816,2
5818,6
5819,4
3074,7
3090,4
3602,5
7698,0
7699,0
7707,2
7739,7
7931,11
33,1
2337,9
2341,3
6437,3
7469,8
7485,11
7549,11
42,6
298,8
4522,4
4586,3
6634,3
6651,1
7675,11
2080,0
2081,10
6177,6
7345,5
7357,3
8125,8
4352,9
4353,11
4369,4
4373,6
5021,1
6045,3
1032,3
1100,6
5196,7
7805,9
6240,5
6368,11
6886,2
7151,4
4608,7
4640,6
7729,4
7793,7
7935,11
1025,4
1281,5
6017,3
6115,0
8163,7
3,5
19,6
1043,5
1075,9
1079,0
1591,2
5687,1
2162,4
3186,1
3442,0
7538,0
8059,0
1285,1
3333,1
3341,3
3357,1
3389,0
2304,12
2432,4
6528,8
6560,4
6584,1
7608,10
7672,2
7673,4
400,4
408,2
409,3
511,1
1535,3
3583,3
2512,4
2516,5
6612,8
6613,2
34,2
38,10
39,4
295,0
807,1
935,3
3063,2
4087,2
576,11
864,11
865,4
873,0
1001,2
2025,2
2031,5
4095,1
1280,10
1792,0
1808,5
3857,4
7953,0
7955,10
7959,3
8023,3
8063,9
18,10
26,5
90,9
218,11
734,4
1758,0
1790,7
3839,8
257,6
2305,5
2433,0
2977,1
7085,0
7101,5
7103,3
8127,4
1056,10
3169,11
3177,4
7289,5
7545,3
272,5
273,4
275,5
787,4
915,5
2963,4
3027,0
3035,5
3039,8
544,7
928,2
992,10
1000,5
2024,1
2026,6
2042,10
4091,6
8187,8
6169,6
6171,5
6427,3
7451,2
7515,9
8159,6
528,2
536,11
538,0
539,6
1563,1
1595,2
384,12
6624,1
6632,3
1026,3
3302,4
3558,0
4071,4
96,11
352,2
480,11
483,10
1507,0
1511,1
3559,10
1537,4
3643,3
3835,5
1066,11
1082,4
1338,0
5946,0
6011,5
1812,9
1941,2
6135,9
2052,11
6148,8
7172,9
7188,4
7220,0
7732,6
7988,6
8180,5
2334,0
3358,1
8062,2
148,6
213,10
1237,5
1122,0
1123,7
3451,7
134,8
1158,5
1174,2
1182,4
1214,0
3262,3
3326,0
3582,5
4481,9
6561,10
6569,2
7081,10
4292,9
4556,0
7116,1
7132,10
8188,9
8190,3
1668,4
3724,7
3726,5
3790,2
264,11
265,7
841,5
969,6
1993,1
1997,7
2029,0
260,3
2308,1
2310,5
2374,4
130,1
674,11
738,7
2786,1
6882,8
520,10
2632,10
2664,4
2668,5
3052,8
4078,8
4094,6
36,3
4454,10
5606,1
5614,4
1425,9
1939,2
1947,1
2058,3
6155,5
6159,11
6959,0
2592,11
2593,1
3637,1
3645,1
3647,3
7743,4
7871,3
642,4
2690,8
2754,10
7138,2
7154,4
7155,1
12,6
1036,9
1164,1
1165,0
1197,0
3245,1
3309,1
160,11
162,1
1251,8
1763,2
5859,1
5875,10
6143,3
133,9
141,9
173,7
2221,0
7679,0
6,3
14,11
2062,3
2078,2
2270,0
1322,1
5418,7
7466,1
7483,6
1304,9
1368,8
5976,1
6008,1
97,11
113,7
1393,4
1521,10
1523,3
7667,11
192,3
448,7
5097,4
5113,7
5117,8
769,7
773,4
775,6
1799,7
2176,5
3200,11
3456,1
7568,2
8144,8
2560,6
3584,8
3589,0
3621,6
3749,0
4005,3
4021,0
4023,0
100,0
101,1
229,1
757,5
2805,8
288,10
293,9
309,1
317,0
1341,0
8061,8
2562,10
2818,3
6918,1
7054,2
7086,0
4368,4
6417,2
6419,4
8051,5
8055,0
5138,11
5394,11
5426,7
5490,0
2049,4
2065,10
2067,11
6163,11
6875,7
7899,9
2816,1
2880,4
2882,6
2886,11
3910,10
2579,3
2835,0
6931,0
6935,10
66,1
194,1
466,2
498,1
1088,4
1216,0
1248,6
1504,8
1505,1
5601,3
8173,0
608,12
2672,10
3696,0
7792,6
65,0
69,11
4437,7
4949,0
6997,1
8021,0
8053,0
1184,11
1250,6
1254,8
8183,7
2624,11
3680,9
8032,4
8160,8
8164,3
8166,11
8167,6
2288,11
2800,11
2802,0
2810,4
2811,2
2576,8
2577,8
2833,2
3865,2
3961,3
224,4
1249,2
3565,11
3567,2
672,7
673,7
689,10
945,1
2045,1
3088,9
3152,3
3156,11
3284,6
3292,2
4514,6
6562,0
736,9
1766,6
6142,3
9,8
25,11
89,11
217,9
219,7
5631,7
2050,7
2578,11
3987,3
3991,6
3999,11
138,11
170,1
2218,2
2222,1
7934,9
4322,9
4327,0
4583,5
5095,1
6127,2
84,1
212,2
4308,7
4310,9
7167,1
2178,0
2242,10
2246,0
2502,2
2518,0
2558,7
3070,9
140,10
5260,9
5772,4
37,10
4517,4
4525,1
1152,4
1936,9
6032,2
6104,1
6108,5
6111,5
1027,2
1459,8
3507,2
4019,11
56,11
312,10
7610,5
8122,10
1060,6
1572,3
1700,7
1764,4
5885,3
4098,8
4114,10
6226,1
6386,0
6642,2
7666,9
53,1
55,2
183,11
4791,4
4855,9
5887,9
3604,8
7700,11
7956,0
7965,5
8029,11
1408,10
1440,4
1954,4
4002,0
4010,9
1664,11
1665,10
1693,4
1949,7
5584,1
6096,0
6105,10
518,8
1542,7
1550,4
1806,0
5902,3
7950,2
7999,5
24,5
1048,4
1049,2
5145,9
5151,3
7199,0
7263,4
1089,2
5201,10
5713,0
5841,0
266,4
282,2
2330,7
2842,1
6938,8
8090,2
8155,5
4130,9
4146,5
6330,0
6331,2
6395,6
2328,9
3544,8
7640,5
28,10
157,6
1437,0
1501,1
5597,4
6109,2
514,12
1538,9
1547,5
5643,1
5899,7
5931,2
7979,8
1154,11
1666,10
1670,7
1686,0
1718,0
1782,0
1783,0
5879,9
2112,8
3136,12
3140,3
7236,7
7284,3
7540,3
8052,9
261,10
805,3
821,10
5941,0
6005,1
6013,7
4360,7
4428,9
4588,1
5612,10
3075,2
3203,5
7303,0
7887,11
4268,5
4780,1
4862,7
5118,10
7166,9
3586,4
3843,2
3851,5
3855,4
4101,1
5189,6
5709,1
5741,1
8047,3
44,6
2092,3
2093,9
3117,0
3133,6
7741,2
5137,1
5209,5
5337,2
8153,11
513,7
517,9
4613,4
5989,0
6119,11
8175,1
2113,10
2115,3
6211,6
7235,1
7371,2
7915,3
8171,3
641,9
649,1
651,9
5775,3
7823,7
8079,6
274,10
790,6
822,0
2870,2
2878,11
149,11
413,5
415,0
8095,9
259,10
4031,4
7,6
263,5
4871,7
4879,2
4911,2
5632,1
5752,0
5753,2
2306,1
2311,1
3975,7
226,9
5354,2
5886,8
3072,9
3080,11
3592,5
3594,8
3595,7
3599,5
7951,11
74,8
123,7
3067,11
3071,4
484,0
485,4
4581,2
6629,0
7653,2
72,1
88,1
600,5
601,3
1881,2
1885,7
5981,9
2084,11
2094,11
2670,1
3823,5
146,8
2266,8
2782,2
2814,9
7184,5
7192,6
7196,1
7228,1
7740,0
4106,7
6239,3
6271,5
6783,0
48,2
52,2
564,8
565,1
829,2
5650,4
5779,0
416,10
1506,8
7659,8
2692,7
2948,5
2964,5
2965,0
7061,6
7125,2
8149,6
3091,2
3123,10
3379,0
3575,7
3587,5
7943,0
75,10
2123,7
2379,2
2427,0
2555,3
6962,0
6963,1
6967,0
526,2
590,0
2926,1
196,6
1220,9
7364,11
7398,5
7910,8
6510,2
6526,1
7550,6
4672,11
4708,1
4716,4
4846,1
7918,2
6192,11
6832,3
6833,1
6897,4
6905,4
7929,0
285,10
287,2
351,5
383,2
4607,11
22,11
23,4
535,9
567,1
4663,2
4330,0
4331,1
5355,0
5611,10
7426,3
7938,8
7939,2
545,9
4641,4
4769,4
4785,10
4787,11
4795,0
6907,7
2053,11
2373,4
2501,6
2517,1
3541,1
2321,10
2449,11
2961,6
6152,1
6408,2
6552,10
7096,0
7160,2
104,12
124,8
381,5
1405,9
1917,4
1919,1
1028,2
1029,3
1293,9
5901,0
5965,11
6125,1
4112,0
4240,3
4272,1
4273,8
5297,1
21,8
2069,4
2325,9
2837,2
2839,0
2903,1
3596,2
3628,9
3756,3
3772,1
4030,6
1034,9
3338,3
3339,0
3435,8
4626,1
4627,1
4631,2
4735,0
4123,10
1921,10
2001,4
6097,1
8145,3
8177,5
2212,2
3324,6
7933,11
2177,7
2245,5
2277,6
2789,0
6885,2
7141,2
785,7
1971,0
2035,6
50,1
2098,0
2102,1
2230,8
3254,6
3766,0
7862,2
1155,1
1411,10
1415,6
1479,3
1495,1
2007,2
321,9
325,4
341,6
4439,2
7039,11
529,4
561,5
693,5
695,1
4610,0
4614,10
4694,0
6180,8
6692,8
6948,0
7012,2
7014,0
1092,7
5188,10
7749,2
7765,4
2128,7
2138,6
2687,2
1033,6
1035,0
3147,6
7243,0
7275,5
7531,11
7551,9
4184,5
4188,9
6268,4
6269,10
6525,6
3082,0
3274,6
4042,4
4046,4
4047,10
304,9
816,5
944,5
4102,7
6279,5
6343,0
7895,4
8151,1
1536,7
3649,5
3657,1
7753,3
432,6
1520,6
5616,1
6128,0
8176,11
136,1
1160,11
1224,9
1480,1
5578,10
5610,6
5630,10
1951,2
2015,6
2047,6
644,11
652,8
2700,0
2702,5
8142,9
8143,1
4616,6
4617,3
5771,4
7851,0
570,7
4666,3
4730,3
5754,2
6010,4
5376,3
5504,6
5508,0
5510,0
5511,2
5519,0
6235,0
6363,2
6619,10
6146,1
6274,1
6306,4
6834,2
6835,6
228,9
244,5
756,3
758,3
759,0
767,2
320,8
1344,0
1856,3
1860,11
1892,4
1909,0
6141,2
4304,4
6361,0
6399,2
387,10
403,4
6103,7
4193,8
5217,7
5345,0
5353,10
5865,1
5867,0
4192,9
4704,10
4705,1
4721,0
4977,6
4979,7
7035,8
2854,2
2918,3
2919,4
7143,9
546,3
4642,4
4643,7
6771,0
7027,7
7159,10
658,11
4754,6
7059,5
8083,0
5139,2
5203,4
5235,11
6290,3
6291,8
6387,0
6643,0
1042,12
1046,0
5142,11
5206,9
5334,1
5590,0
5622,3
1600,7
1608,10
3656,0
3688,1
3692,4
7790,3
7806,4
202,9
718,10
974,1
1006,4
2030,7
2368,11
3392,11
3424,7
4066,6
4074,2
4075,9
4099,10
4167,2
4199,0
7399,5
258,3
2370,2
6470,0
6502,0
3384,5
7480,2
7486,11
4160,6
4416,1
4417,9
6465,1
6467,3
6471,5
7495,1
1057,3
1569,9
1825,2
1841,3
5696,10
7744,11
7752,8
8008,10
8011,1
8043,5
1465,3
1469,0
1533,8
3581,9
4162,1
4418,4
4438,0
5463,2
5591,6
7639,5
2820,7
2822,1
3846,0
3911,0
8039,10
2192,9
2704,10
2706,7
2778,0
4376,7
6424,11
6425,0
6555,4
2132,5
6228,5
6484,5
1587,2
1282,10
1347,8
1379,0
1531,3
5627,10
776,2
778,10
2858,2
2986,5
3002,2
3003,1
3007,8
2180,4
2724,1
2980,2
2997,5
3061,8
7204,1
7221,5
7733,3
7989,3
7991,4
698,0
4798,0
5823,6
4424,7
4936,10
4968,1
5992,2
2348,6
2349,1
2429,7
2826,7
2827,10
2831,5
8015,7
1050,9
5150,0
5406,1
5534,2
6046,3
1041,11
1169,0
1177,3
3225,5
3257,2
548,2
556,5
685,1
941,0
943,8
959,2
4632,2
6680,4
6744,4
7006,3
1047,0
1207,3
1215,0
5124,9
5140,11
5398,2
5918,0
7967,5
1360,6
5592,0
5596,1
6110,11
13,12
1037,9
3085,10
3213,0
3231,10
3295,2
3327,1
1424,2
5554,0
7602,1
3073,7
3105,7
3617,9
5456,5
5585,1
5589,2
7637,9
7645,3
6149,11
6157,7
6191,0
6255,1
1306,8
3354,2
7450,1
106,0
1130,3
3182,1
3198,3
4847,7
4863,9
616,9
745,0
1775,8
1791,4
6409,11
6413,0
6429,0
6557,4
6621,0
1568,7
1585,4
1589,4
1597,1
3773,1
1622,0
5718,11
5726,8
732,2
2044,5
116,5
118,4
3329,8
7425,3
7553,0
7585,0
7655,7
2856,3
2859,2
17,7
5905,0
5907,1
4224,2
4226,5
5250,10
5506,11
7622,2
7631,3
1120,4
1632,8
2018,0
2027,0
2043,1
4168,11
4172,9
4316,5
4317,1
5341,1
4235,10
5259,0
7819,6
8091,11
777,2
781,3
877,2
879,0
5378,4
5922,0
6074,5
2480,7
2482,0
2994,1
4018,1
4086,9
8182,2
386,12
2434,11
6530,4
6546,2
7058,10
8086,3
523,3
4619,11
5675,4
5679,2
5807,1
7855,4
2596,1
6716,6
6718,1
6782,0
6910,3
1062,2
5158,2
5159,2
5815,2
7682,3
7954,4
4140,11
4141,2
4397,9
4591,10
6639,0
1303,1
1367,0
5599,11
2436,6
2452,4
2999,5
5153,6
5155,6
5163,1
5167,3
5231,1
5375,6
6432,9
6496,3
6512,10
6514,4
6518,1
7030,9
7031,10
280,11
2524,0
8156,2
521,5
525,3
1549,2
3597,7
3661,1
6181,5
6453,1
6461,1
6463,7
336,6
1362,2
3410,9
7634,4
3467,4
7563,3
7567,7
402,3
1938,2
6035,8
6067,6
6131,9
4129,1
4385,10
4449,7
6625,8
7665,3
7669,2
2085,8
2479,0
2543,0
1156,9
3796,2
3804,3
8157,2
1284,11
3332,6
3412,0
3444,0
3446,3
3447,9
1287,3
1423,2
1439,1
1503,11
648,3
664,5
666,8
667,1
671,0
4831,2
7903,0
322,7
450,7
962,5
5103,1
1544,10
1546,7
3658,3
7754,1
7770,5
8026,4
2116,2
3652,6
3780,9
3788,8
4044,0
4060,3
4092,8
4500,6
4533,9
4543,6
70,8
1094,3
1382,4
1390,1
1902,0
3966,6
2187,2
2191,2
6335,4
6847,8
552,3
1576,9
1640,5
1644,4
1645,0
2060,10
2588,7
2716,7
2972,10
3036,11
2927,8
2943,11
3967,6
5697,4
7745,0
7777,1
7909,0
7911,9
7927,2
1090,6
6420,6
6428,3
7996,10
8124,5
230,8
5350,0
5623,8
2057,4
2699,1
2763,1
3019,7
5633,1
5637,8
5653,11
81,12
1076,9
1078,0
3126,3
3646,0
3775,7
337,11
4433,2
4983,5
4991,6
41,3
361,0
489,1
2541,0
4079,6
4579,0
5603,7
2059,3
2331,5
1681,1
5783,1
1561,2
3609,7
7737,6
368,4
370,9
378,9
1406,6
3454,4
2051,0
6147,7
6275,2
6283,0
6795,1
8111,4
2584,12
6681,4
7705,4
7709,3
4609,10
4611,8
6659,6
6667,11
6731,7
4200,7
4328,0
4108,6
4142,4
4143,3
6015,9
1796,2
1828,4
1844,3
5573,3
5621,8
6481,6
6483,1
6611,2
2120,10
2136,9
6232,7
7256,6
584,11
586,3
618,5
619,2
1663,0
5135,1
7183,0
129,8
385,3
417,5
929,8
933,3
1957,0
6053,3
6055,1
4370,6
4402,9
4914,1
5042,1
7090,2
7091,6
772,7
1932,5
1934,4
8078,6
1604,5
1636,9
5860,5
6116,4
1093,9
1221,0
5317,8
7365,0
67,8
4163,0
7491,4
193,2
1239,8
1247,0
5128,3
5160,9
5416,5
5419,1
6063,5
6079,2
6696,3
6776,4
7800,11
7802,6
898,2
2946,2
2978,5
2979,5
2987,1
4618,2
4682,0
5962,3
5963,2
6091,4
4237,10
4301,0
4815,2
5839,5
530,3
594,5
2682,3
3710,7
5185,11
5329,0
5851,0
4712,5
5740,5
7788,3
8060,10
5,0
85,3
245,7
2293,0
5126,7
5174,1
5950,8
5951,5
1052,6
1308,11
3420,3
3932,3
8028,7
3160,5
3161,1
3677,2
7773,2
464,0
6608,5
7636,3
1628,10
5725,2
7775,3
5141,2
5269,2
5277,9
7325,2
7391,4
291,9
2339,1
6947,0
7075,9
220,4
1756,1
82,2
1490,4
1522,3
5618,8
1288,5
5513,3
6025,2
1072,9
1080,5
7224,7
7736,6
8058,6
3138,11
3650,8
3666,8
262,12
3350,6
3414,1
102,10
2150,9
2422,8
2934,5
290,2
354,10
355,9
371,6
379,7
4132,12
4644,1
6767,8
553,3
4905,1
7021,7
7023,0
5152,4
7208,3
7272,4
1605,0
3653,2
3685,4
3957,11
2316,6
6591,8
4932,7
4496,11
4504,8
4568,10
6616,1
8185,9
6858,5
624,8
632,3
3960,2
4088,4
1157,9
1413,0
5557,1
5346,4
7395,9
1065,0
1449,0
3497,2
3499,0
4355,3
4363,8
4491,8
5515,7
5547,0
7663,6
181,0
2229,5
2557,0
1153,9
1409,1
4196,0
4198,4
7414,0
7670,9
4288,11
4800,3
4801,1
5057,1
609,3
5089,5
7137,3
7153,2
5132,7
5228,4
5358,0
5870,4
5281,2
5793,3
7857,0
7861,3
7869,2
404,3
917,3
925,1
2973,4
3037,6
7133,11
5208,2
5720,5
7768,0
7772,8
7774,3
8030,4
6400,1
6404,4
7439,8
7503,0
5424,1
5432,0
5434,6
5626,9
3397,1
3909,0
8005,4
7237,2
7245,3
7517,8
7519,2
8031,11
334,10
462,3
1487,2
5672,0
5928,5
2066,12
3858,4
7958,4
8022,6
8158,11
2114,6
2146,6
2154,4
2922,0
142,9
1166,1
1230,3
1263,1
5871,7
4492,8
6540,1
7052,0
7084,2
5665,8
7987,10
3264,8
3776,8
7876,0
7908,0
7925,11
2732,4
2813,2
3280,4
3312,4
6738,10
7762,1
7763,1
1312,1
3081,4
3097,0
3163,0
6354,7
6362,2
6366,1
3938,11
3939,0
2568,2
2712,6
3737,0
3739,0
3743,9
596,9
4948,1
6004,0
6132,9
1208,10
5304,10
5625,10
1098,3
1131,5
1643,3
4131,1
4195,1
6247,4
6375,0
6383,5
2072,0
2200,6
3256,2
3260,5
3325,1
4093,7
560,12
5681,8
7859,0
7923,0
2290,1
2291,4
3827,0
3831,1
3812,0
3813,3
4077,5
4277,0
4341,5
4349,3
6911,0
388,2
389,2
784,4
6929,0
5444,8
5476,5
5494,1
7872,9
7874,1
7882,2
289,1
305,7
4401,9
4403,1
4467,1
4475,0
2496,7
7656,2
7657,2
2625,9
2657,5
2659,2
2787,0
2791,9
2832,0
3856,4
2561,11
3585,5
3717,10
3751,0
3759,3
7919,9
1104,11
1105,3
3153,1
3569,0
4081,8
2929,1
2931,4
3955,7
208,2
209,7
249,0
251,1
763,6
340,1
4436,3
6492,11
6623,3
7647,6
6676,10
7892,1
704,9
2752,0
6848,7
7912,4
8168,6
357,10
2917,4
7013,1
6145,4
7363,7
7375,6
6658,3
6666,0
8074,2
8138,2
8139,4
2096,6
7472,2
7664,9
6704,2
6968,0
7992,0
3460,3
3461,1
3525,3
3557,8
8165,0
5156,3
5220,3
15,3
527,2
655,1
4751,3
5007,1
5071,2
6095,5
3328,4
7564,1
8076,3
8109,8
1300,11
1332,10
1340,0
5436,11
5437,5
5439,4
677,9
1030,3
1430,10
3478,2
3542,4
6854,5
7142,2
277,1
405,4
437,3
445,3
30,1
542,2
574,3
1727,2
71,5
583,8
2895,7
1044,3
1172,2
1173,3
800,11
1888,11
3936,5
4064,1
4072,6
659,11
691,7
1715,3
117,4
4213,11
6261,1
7285,6
7797,9
7799,2
60,4
637,0
1661,2
7231,0
4488,1
4520,6
6571,7
4864,8
6102,3
1422,1
5518,4
5583,2
281,5
1305,3
3481,0
7577,2
5227,2
5243,2
6139,5
98,7
2662,1
6758,0
3202,9
7362,4
7878,11
7894,7
1108,1
1364,2
5468,2
5980,1
6012,11
2456,11
2526,1
3551,2
5635,5
7683,3
4179,11
7795,8
7803,4
29,6
1053,3
1309,2
5405,10
5407,10
4866,10
4874,7
4906,4
5930,0
5935,0
5904,1
5936,2
6064,1
292,8
804,11
932,3
5028,2
5092,1
6117,11
327,2
6631,2
6647,4
2190,9
6286,6
6287,2
6319,2
6588,6
7100,4
4896,0
6944,11
6956,0
6958,4
7824,6
8080,0
8116,9
880,4
5104,0
5105,6
3906,7
8003,1
8035,7
1311,10
3359,1
3487,7
3519,4
4258,1
4274,5
4338,2
4850,4
4854,1
7094,3
7158,8
4612,10
4661,10
5109,7
6133,6
2208,10
2210,1
2722,4
2731,11
2795,9
396,6
909,5
3360,6
3432,1
3434,6
7530,5
7547,9
6256,3
7026,0
8050,6
7169,0
7463,3
8103,11
7360,0
7361,0
6671,9
7695,2
3104,9
7201,9
8113,0
8117,8
4241,11
4497,1
4529,0
4593,5
4597,0
6661,1
6725,2
6727,3
6743,0
6751,11
294,3
806,6
830,1
3715,6
3791,7
3352,2
7448,1
7484,5
5264,11
5776,5
5777,1
5809,7
5811,0
7863,1
7680,5
6161,8
6421,1
6933,0
6965,1
296,10
300,5
302,8
303,3
4399,4
597,11
1629,4
1631,7
3679,2
1392,5
1904,3
1905,6
6001,1
2570,6
2586,8
4713,1
4841,3
4861,1
2046,0
5191,11
5703,7
7751,1
8007,0
6779,8
7807,10
6694,0
7870,3
2909,7
610,11
626,0
2674,0
2678,1
4137,11
4265,9
4281,2
4283,1
4210,6
4723,3
4727,3
6775,11
7232,1
7504,6
8016,2
2076,6
3102,1
7454,7
1372,5
1374,2
1375,2
1407,6
6448,10
7152,0
7162,1
151,1
215,6
223,2
4818,8
5850,9
5700,1
7756,5
6664,6
6808,1
7068,4
7070,2
8094,4
2753,1
2769,3
2777,2
4061,6
369,7
377,1
2425,0
99,8
1147,0
161,0
5025,0
6049,3
1642,4
1898,5
6126,6
2063,1
2383,4
6607,3
4820,2
4828,0
5852,0
5854,2
169,7
171,6
235,0
7217,1
7225,4
7481,0
6162,7
8027,5
4124,0
4636,7
4764,11
4765,3
6845,4
6909,4
2838,1
6934,2
6942,6
4630,11
4662,0
4670,3
1729,0
6081,9
6085,0
1824,1
1826,9
1834,3
1899,0
3108,8
3172,1
3684,2
7781,0
1064,3
7784,3
8184,6
1314,1
1446,10
5849,2
7897,2
7901,5
137,8
203,0
4299,9
5323,0
5855,2
4404,6
4412,4
1051,4
1115,0
3675,1
3707,4
3711,2
1456,0
1460,2
3508,3
7671,5
2573,1
2701,10
2957,8
6311,6
6327,7
6583,7
1713,0
1777,8
3825,1
5179,8
5307,6
3421,1
3549,1
4356,9
7572,2
7573,4
7575,3
3531,1
3563,2
200,11
252,9
2074,3
6523,8
164,7
1188,11
5284,4
5540,0
5556,2
5564,1
5566,0
1185,5
1697,10
5861,4
4372,11
4884,9
6932,1
7173,11
7205,1
7607,1
4860,5
4248,3
4312,8
4313,4
2720,9
2976,9
8108,11
1414,11
1959,1
6698,4
6762,9
7018,2
4169,11
4297,8
5357,1
5869,8
131,9
147,2
211,9
243,2
499,0
4768,0
5792,3
5864,5
5868,0
6124,11
3396,10
900,6
964,2
5060,0
5101,7
3618,8
3682,3
3810,5
4865,3
5889,10
5893,6
5957,0
8037,5
279,4
5200,11
5202,12
7294,0
1887,7
4063,11
6150,4
7174,3
7198,4
2566,9
2598,2
2599,3
3815,4
6166,6
6230,0
6262,11
6774,2
832,11
960,3
968,1
970,1
3023,0
3055,6
2864,2
2872,10
2876,0
1061,7
1573,0
1637,1
1893,0
2021,9
2318,5
2319,10
4848,4
5872,1
5876,1
2193,10
2201,7
2491,4
4480,4
5505,1
7561,2
8073,1
392,8
904,11
906,1
2970,0
2975,11
5891,3
6099,4
1634,4
3691,0
4544,9
4560,2
3459,1
4035,3
91,3
347,0
5636,2
7716,6
7724,2
7725,11
7853,1
7917,0
2384,0
2928,3
3964,9
6916,4
6989,2
8045,3
3458,7
3970,9
3974,3
8071,9
8135,10
150,3
214,3
6902,1
1685,5
5781,0
722,4
5842,0
5883,7
2594,5
2595,10
27,8
59,6
191,5
2495,9
5408,5
5428,1
4813,1
501,0
2768,5
3792,5
3800,1
4230,5
4294,8
4326,1
1641,2
5737,2
390,8
2438,6
2454,1
3574,7
1874,3
5970,2
5978,0
1298,8
5402,7
6107,2
2039,8
5000,2
5035,11
5039,5
78,6
79,4
2255,2
3279,3
568,10
703,8
2126,3
2382,6
2894,4
7022,2
2710,2
2718,3
2974,6
4781,5
1315,4
5411,0
7459,4
5168,2
5170,9
5298,0
5302,9
7359,0
783,10
815,2
2863,6
4361,11
4393,7
4395,0
4996,11
5013,2
6037,4
6101,7
3368,6
3369,4
3387,8
3515,4
1560,10
1565,2
1757,2
3805,0
3807,6
4354,11
4483,5
4499,2
5523,3
5555,3
6075,3
6156,7
7212,0
7742,5
580,5
612,7
620,0
6160,6
7197,1
1760,9
2016,6
897,4
4993,3
7049,9
7097,7
1116,5
1660,2
1788,1
6402,8
6551,4
7063,2
2884,8
7110,1
7118,3
7135,9
172,8
5806,5
5822,8
540,2
541,4
2847,2
550,12
2998,0
6756,2
6759,4
1356,7
3404,0
8012,2
8013,5
2440,1
2504,4
2520,0
3545,2
3577,10
4233,8
5099,4
5115,7
412,5
990,3
3038,4
4320,11
653,0
2733,6
2749,6
3069,0
2628,9
2636,11
3709,0
3837,2
936,1
6136,5
8140,4
114,7
242,8
1266,10
1267,2
1275,8
1074,3
3127,0
3255,3
4290,2
4546,0
7106,3
7114,1
7147,7
3648,1
3668,1
3669,5
5254,4
7318,8
7319,0
3971,0
706,5
4802,10
5826,1
5858,0
8162,1
1410,11
5562,5
7674,2
6224,7
7024,3
4121,3
4633,2
6745,0
7771,4
6394,0
532,8
2612,8
2620,9
5248,6
5568,2
6080,3
6088,9
6137,6
3089,2
3121,1
4357,1
4407,2
5503,0
276,0
5461,2
206,0
4814,4
1830,2
1838,0
2850,7
2851,6
7011,4
1541,11
1797,3
3204,4
3206,9
7302,4
7366,9
2896,7
6999,0
7007,0
1784,0
2041,5
4089,0
515,5
851,1
979,3
7131,5
6656,6
6960,0
7095,2
1045,5
1109,2
3285,0
3829,0
4067,3
3210,9
3214,1
7342,6
7599,11
6168,5
6814,0
5968,4
4473,3
4603,2
5393,10
7633,8
7641,10
7643,11
888,10
891,0
1019,7
4242,6
4755,9
4759,0
4823,0
5079,11
5649,5
5683,7
7731,6
524,10
4620,9
4652,4
4732,2
6780,1
6908,10
2240,2
2244,7
2276,4
3300,0
5164,6
724,2
3028,0
7126,6
2312,10
2380,3
2508,2
6403,0
7619,2
465,4
977,0
3025,0
3057,0
4085,6
6665,0
7693,2
2179,0
2195,2
2707,8
5187,1
5211,0
2388,6
2322,3
6930,0
6998,5
7946,1
2089,7
2157,2
2159,0
6266,8
7290,4
7291,10
2129,8
3187,0
7283,5
7411,9
1039,5
1055,1
3871,3
4033,2
4057,3
7433,0
7945,1
8042,7
7432,7
7560,3
7566,1
1235,6
1491,11
5587,1
3084,2
3116,2
3132,2
6209,10
6225,5
6491,9
2392,5
2904,1
818,8
5106,3
5114,1
6138,9
1488,10
1489,0
8181,7
4624,11
4625,1
6873,6
7129,1
1161,8
1193,6
1453,10
1965,4
4029,7
1253,4
1261,0
1773,1
4178,9
7286,5
391,11
4495,2
5551,4
592,6
4688,6
4689,11
6867,4
6879,2
3890,0
3894,10
3902,7
8093,2
324,5
2885,3
2901,2
7127,11
4680,9
4696,11
4698,2
4702,1
4958,1
198,3
1510,1
1518,0
1519,9
7492,4
7620,2
8148,9
8150,11
166,2
182,9
2158,0
6254,4
152,8
225,6
993,3
4073,8
1698,2
1958,0
1966,6
4014,6
1793,9
3841,0
3969,5
1084,3
7230,0
1610,4
3914,6
8010,4
5640,5
5704,4
5706,2
7914,2
3876,0
3878,6
3879,0
3943,1
3959,8
5172,7
5238,1
7926,6
2572,10
2574,2
7055,3
7071,5
1068,6
1468,0
1980,1
2209,9
2213,8
2549,5
2559,0
145,11
1181,4
1245,0
4243,9
4307,1
4595,2
4900,3
6964,0
578,6
4690,7
4954,4
7002,0
278,11
1302,2
1534,5
7642,1
7646,7
5366,5
7442,5
7446,10
7966,11
3349,2
7445,3
7613,0
6531,4
6539,2
7051,0
7119,4
3195,11
3527,3
2696,7
2728,2
3824,3
5500,1
3372,4
3436,9
3948,4
3951,6
7298,6
7842,0
268,5
6493,7
7005,6
4377,11
4409,5
6587,5
7099,5
4111,10
4623,6
3755,1
2458,1
7098,3
58,9
4154,6
6715,1
342,7
350,2
2398,4
3122,0
3251,8
2817,11
3029,0
662,6
4758,1
5078,8
139,9
715,6
719,0
5087,3
423,1
4519,2
5559,9
1232,11
1240,6
1320,8
1450,2
3498,2
4565,2
4599,11
1107,0
1111,8
3159,1
3180,1
1091,1
1351,3
5447,3
4134,9
6182,2
6310,0
7079,1
7512,1
1228,1
3532,0
3533,0
4389,1
5925,1
3120,8
3376,6
3504,6
4020,0
4022,9
4524,2
4527,6
6189,2
1201,11
1525,3
6802,0
6803,0
153,7
7611,3
6272,1
7348,0
326,8
1350,7
1862,1
4054,1
647,6
1687,0
3735,9
3767,5
286,5
414,0
1438,6
2307,8
2855,3
2871,0
216,11
472,5
478,5
479,3
6951,4
585,1
7757,2
7759,3
4257,6
4333,2
4926,5
6966,0
5122,0
5286,5
5294,9
5310,1
7422,5
49,2
6193,0
6717,2
6719,8
802,11
803,6
1827,1
1955,1
4460,4
4477,0
3178,0
6304,1
6308,8
6372,10
6374,4
6173,5
1371,0
3419,3
654,2
686,2
232,9
4344,2
4347,4
4351,4
2640,1
2648,4
8057,5
7248,8
7376,3
1443,0
582,10
2630,2
3686,0
3702,1
7798,9
2145,4
2289,2
1658,3
1914,0
1918,1
35,9
163,0
675,9
683,4
1707,2
1963,0
6059,5
6784,5
7808,2
1454,1
1470,1
1982,6
1983,11
1121,8
5219,7
5751,10
2133,7
2135,4
6231,0
595,7
1619,0
5832,6
5834,3
534,6
4886,7
180,3
2996,2
4877,3
4941,4
4957,0
4122,5
4186,8
4699,0
5762,0
7814,4
7815,2
7879,2
4177,6
4697,11
4859,6
3083,9
4558,3
5582,1
7630,4
1118,5
1886,0
5982,8
6610,7
6614,4
6615,11
4105,12
6397,9
201,7
207,2
1743,0
365,9
4461,2
6509,0
5282,8
5283,2
3220,11
3732,3
1659,0
1787,10
2804,0
2812,0
3836,6
3694,5
5148,0
5404,0
7580,7
398,9
4897,2
4961,1
4975,3
7697,3
7961,0
6201,9
126,5
382,2
449,9
2515,0
1069,3
1279,9
2346,9
2426,1
2554,4
2369,3
2401,0
3425,11
3441,4
8049,0
6065,6
3268,2
3828,2
234,1
238,5
7662,5
1732,5
7924,2
4296,6
5069,2
1558,4
1566,3
1598,4
3774,0
5663,7
5727,6
2336,10
7520,0
7521,4
7649,6
4656,8
4912,6
4920,6
3362,0
7615,11
2088,11
2090,2
1218,4
5374,6
5249,6
5265,2
5845,2
7893,6
2121,11
6379,0
1421,2
3330,6
3494,2
3510,1
3511,10
2314,3
6490,0
6494,3
6622,2
7134,4
6294,8
6358,1
1200,10
3248,8
3505,0
4083,11
1556,2
1820,0
1822,1
3524,0
3526,5
2564,5
3471,8
3535,9
522,1
650,0
4746,2
4747,4
4763,0
5787,2
588,3
5194,1
5322,11
7403,2
645,4
1735,0
6241,8
6497,1
168,5
174,8
190,3
4287,2
1617,0
1873,5
3923,1
3931,11
6565,5
6567,0
6575,11
4232,4
4552,2
5084,0
2117,8
3197,0
7928,11
4868,11
4869,1
4933,5
4935,2
6983,3
1599,2
5695,4
1138,1
7539,3
7543,11
547,2
4674,4
4706,5
4714,2
4970,2
4986,1
7704,10
7993,5
7995,8
135,2
663,2
2719,0
314,1
3386,6
3390,0
7614,10
4872,1
6920,1
418,4
482,4
4578,1
4582,3
4410,5
6458,3
7482,10
2323,2
2451,2
6547,0
2683,0
2939,8
712,7
1736,2
1738,6
5507,2
7571,5
4176,0
5328,7
5874,3
6130,1
2350,4
2414,0
6475,8
6603,6
838,5
4934,1
5070,4
5040,3
5112,0
2887,1
5027,0
5031,2
812,4
814,6
878,2
4250,3
4251,2
6299,1
6303,3
680,11
682,2
699,6
2945,6
8131,6
2725,2
6821,1
4161,2
5193,2
5453,2
5455,2
2000,10
2013,11
6410,7
6538,1
6558,3
6559,3
5644,3
5708,2
5093,7
270,9
271,4
2511,3
2527,7
2513,7
5314,3
5347,1
2272,5
7392,7
7904,3
7920,1
836,6
852,7
980,4
983,2
7978,1
7982,6
7983,6
5715,1
5843,8
2645,4
4053,2
1416,5
1420,10
197,9
1749,0
3005,2
51,3
2743,5
2149,0
2669,3
2671,6
3611,0
5368,5
5370,0
1348,8
5478,0
5479,7
7527,0
4229,7
4245,10
4253,5
4285,6
6906,4
7930,9
108,1
4204,10
4972,0
393,7
4507,5
4511,4
5535,4
4876,9
4940,0
4943,0
5983,3
3119,3
7215,11
7471,10
2715,7
845,3
1901,1
2073,1
2075,8
2587,0
2619,2
4715,0
4731,9
2204,6
2206,5
3742,8
709,6
5061,7
5123,11
5223,3
5735,2
4678,5
4679,2
2825,2
2845,2
6480,5
6488,2
7905,7
2534,4
6630,0
6638,7
6654,2
103,7
6674,8
3904,3
3944,2
3962,2
248,4
2296,0
6648,8
6418,8
7003,2
2824,4
3848,11
3912,2
3913,1
6628,0
7660,5
2097,6
2105,5
2169,0
2301,4
46,5
5166,4
6285,1
6541,0
2691,6
2695,9
2727,0
2735,0
2751,11
6824,1
6825,7
6827,4
353,7
4577,2
4605,1
5629,11
572,6
1596,3
5692,9
5756,10
705,4
2809,3
3065,1
1574,3
3622,0
7975,8
1667,10
1671,1
1751,2
948,0
956,2
3076,6
3092,7
3348,1
3956,0
3078,7
3222,6
4673,7
4849,4
7040,2
7044,6
8134,9
332,10
348,1
5736,1
3844,11
3852,3
5400,6
5948,3
760,2
761,3
1204,2
1268,6
1276,0
1532,0
1612,9
5710,1
5742,0
2634,0
2762,6
3786,3
3787,2
5520,1
5552,0
2122,2
6218,4
6730,2
6986,0
819,8
4919,3
5943,0
2372,0
2500,3
2532,9
1555,4
6007,8
2257,7
6353,2
6609,4
6641,0
2920,2
3778,5
8130,1
4880,7
5937,1
3630,3
3631,0
6536,4
6620,5
4164,2
7277,0
4113,4
4153,6
5305,1
5561,4
2185,4
2697,11
6793,3
4931,9
4939,1
187,1
5311,9
6401,3
6477,2
3240,2
7336,3
7338,1
4806,4
4838,2
1213,0
419,0
2467,1
2471,1
2487,0
3616,7
3632,2
2868,10
7190,1
554,11
555,11
4651,1
4779,6
6843,7
120,4
4216,7
5624,8
5628,7
2152,2
2280,7
2282,2
6378,5
3236,11
3492,0
7612,1
720,8
6869,10
6877,2
6422,2
6550,8
7062,0
3408,6
3920,10
3924,1
8020,3
269,11
2317,11
2829,1
2861,4
3885,6
6915,1
6979,2
7019,4
4622,4
5646,7
5392,10
7440,10
7452,11
7548,5
5380,4
5412,5
5605,4
6186,8
6250,2
4777,8
3331,6
3919,2
4722,10
793,5
4889,3
5913,2
4103,10
4615,7
4687,0
2376,1
5111,11
308,5
373,9
2421,1
2423,5
2431,7
356,4
364,0
876,2
657,11
665,10
729,0
4857,2
7161,0
5442,7
2450,8
2962,0
6553,1
6617,6
771,2
931,6
995,0
3043,2
3047,1
6044,4
6078,8
1451,1
7595,5
1614,5
688,6
6900,5
1832,2
1960,1
1962,1
5134,8
5423,4
7488,6
7624,0
7628,1
643,5
1675,9
5763,2
5827,0
7891,8
7200,3
7601,1
7605,5
3129,0
3193,3
3449,4
4629,1
5919,11
2819,2
4752,2
5008,10
5072,2
6106,8
3473,3
8089,7
2405,7
3429,3
2371,11
2403,2
2915,0
6200,8
6203,2
6459,0
394,3
458,11
6602,10
1692,1
1950,1
6892,2
1176,7
1688,0
5784,4
7864,1
7868,11
426,2
431,1
452,0
453,3
646,3
2694,1
297,11
299,5
315,11
955,11
5051,3
156,11
2238,3
6334,10
848,8
850,7
854,11
982,4
5318,3
5326,0
6863,11
1683,10
1943,3
6039,5
947,5
2756,10
2780,0
2182,3
2439,1
333,3
1357,5
3405,2
1509,3
6288,3
6544,2
6548,5
4138,2
6190,4
6446,4
7470,4
2082,5
2410,1
2205,11
728,6
2008,5
2040,1
6140,11
2466,0
2866,5
4482,2
4994,6
4995,2
5011,2
1021,2
6380,0
7404,3
3409,0
3413,3
3925,4
3965,0
459,5
4555,0
7688,4
1336,0
1337,2
1401,3
1403,6
4550,0
5062,0
3548,1
7644,7
1473,5
3521,0
7617,1
3891,1
4309,0
5333,5
2830,0
2846,0
6243,0
6763,5
4238,9
4494,3
2693,7
7845,1
3344,9
7443,11
7475,5
1578,10
1915,1
3963,6
1381,5
2037,5
4266,1
5866,5
401,5
6545,9
6549,3
5026,2
6050,2
8102,4
344,7
4441,4
4569,3
4571,1
549,9
869,1
6672,3
6736,5
4400,0
866,4
4962,0
7010,8
125,4
127,5
1151,3
4371,0
4535,0
5047,0
824,5
825,8
3901,9
3903,1
593,2
2773,4
2775,3
6871,3
3345,1
3889,0
3315,1
3319,4
1903,3
1733,8
1999,9
7972,1
8038,5
8046,0
2542,4
5157,1
5285,1
5541,4
7661,2
306,4
6650,10
1238,9
1750,0
1038,3
1294,10
3375,7
2061,1
6317,1
6573,10
721,4
725,1
1015,4
7280,7
7288,5
7292,1
5319,0
5327,2
5359,1
4380,5
6430,0
6690,4
6691,1
6695,0
4048,11
8178,10
2921,3
3049,0
5975,3
780,10
797,2
2941,4
481,2
2017,0
4628,4
5655,11
5719,10
4784,6
7186,6
8019,1
5146,0
7194,7
7963,0
6440,3
6444,1
1864,4
2278,0
457,8
3017,0
7113,5
7145,2
2144,9
6754,0
3168,10
3697,0
3699,2
6924,3
4260,4
6828,7
7852,3
45,8
1709,2
7191,5
7223,6
7780,4
1794,9
5894,5
6094,8
2333,0
2461,6
7332,8
7396,3
7397,2
7413,5
7421,4
1270,7
1271,10
5076,2
7156,4
7157,2
7122,11
1289,3
3337,5
3915,4
2575,0
6735,5
7791,9
3270,0
3286,0
1252,10
5348,8
6338,5
6346,2
7658,5
2309,0
2447,3
2959,0
1752,6
1754,1
1786,0
3141,7
3143,4
3399,7
6337,8
3013,7
7109,0
6529,0
5440,8
5952,3
5996,0
2194,10
6866,3
2344,10
6445,4
425,0
4539,2
4816,6
4819,3
5847,5
2054,0
2070,8
2079,2
199,6
711,2
751,8
6660,3
6789,4
7077,4
7087,8
2068,0
2580,11
2581,5
3605,2
3733,4
2124,11
2637,2
2639,1
2569,7
2953,10
885,8
1013,0
5388,7
496,2
2544,4
2545,0
2077,11
5912,4
2900,4
3068,3
7712,0
7720,0
5384,1
5386,3
5563,4
1073,0
1329,2
1529,5
1689,4
189,10
1471,9
6829,6
8034,1
1222,9
3271,0
4657,11
2071,0
2199,0
2711,1
2273,3
2535,0
2151,4
2407,3
2415,0
329,10
4429,1
7218,3
856,0
984,2
2010,3
1031,11
7604,0
701,1
923,4
1679,9
1816,2
1880,8
1883,0
7748,1
454,2
1478,5
4425,3
6495,6
3744,4
4000,5
4008,6
2737,11
3761,5
4922,0
5055,1
1571,3
1699,5
1132,0
1148,1
2446,11
4382,9
1548,6
5645,3
5821,4
6341,0
6597,6
7629,3
871,0
3406,0
7502,1
2055,10
2183,8
2215,0
195,5
707,3
8096,0
8104,3
2140,2
3164,6
7388,1
1297,4
5395,0
5431,3
7479,4
92,1
2396,0
2428,3
3099,2
3995,0
1059,0
5363,1
938,4
5098,1
1146,1
4084,9
2188,4
3212,2
3980,3
4012,7
770,7
1930,1
7464,9
6415,0
2608,7
2680,5
2686,1
4174,5
4175,0
4191,3
6336,3
2563,1
3875,8
6895,2
7782,3
7783,4
7569,1
1724,2
366,4
494,0
4634,10
4927,9
6982,9
676,0
940,2
5052,4
519,5
1543,10
1551,0
1615,6
1647,1
1226,11
1227,0
474,0
475,2
2523,0
1129,9
3579,2
5006,6
5022,3
4676,11
4726,4
2470,9
6952,5
3221,9
3253,0
3765,2
1624,0
2009,8
5445,1
2944,5
7042,1
8066,1
8082,0
2351,3
4144,5
4916,1
5044,0
7092,1
6486,2
5056,4
5068,0
2173,3
2303,10
57,8
2233,1
2237,4
1283,2
3335,0
3479,4
8087,8
6657,2
6689,6
7713,5
7721,3
2389,1
2525,2
617,0
621,3
2547,1
3571,7
61,5
447,3
5558,1
6070,7
3941,5
669,3
989,9
991,11
316,11
380,1
892,2
5271,4
7383,9
1096,11
3272,7
3530,3
4753,7
3334,3
3847,8
3863,5
1730,7
4062,4
1316,2
1318,0
1399,8
5933,2
6061,7
3468,5
3550,4
8129,0
2623,0
2879,3
902,2
1553,6
1557,0
1621,0
3898,0
2118,5
3662,2
3663,0
3612,4
3676,2
5182,0
5183,7
7295,11
3066,6
3469,1
3501,0
3517,9
1728,1
4069,10
4275,0
3144,10
7368,11
1676,9
5836,2
6912,7
7008,0
7029,7
788,0
789,2
3861,1
2168,3
6264,10
6777,0
7123,4
4718,0
4734,0
4990,8
3145,7
7789,8
210,5
727,2
3850,3
3882,0
3883,0
752,4
1776,1
6134,8
2757,0
2759,3
3015,5
2971,1
6831,9
1418,5
1419,8
4027,5
5224,1
5226,1
5738,0
5739,3
4778,0
3096,1
3608,0
3613,3
3615,0
4498,9
4502,1
4566,2
3314,1
7410,4
5570,1
6940,1
7964,0
7998,4
490,3
2843,5
3867,2
5544,4
5546,0
2744,2
3834,2
2236,6
6332,1
6846,6
1137,5
5233,5
7281,8
2196,9
6292,4
7316,0
7324,0
7837,6
6797,0
7053,3
1552,5
1625,8
363,5
1391,0
2161,7
2675,0
2935,8
1110,1
1142,1
5755,11
2834,9
2898,1
2902,1
713,8
1170,3
5586,0
6098,0
470,4
4227,7
6371,1
5791,9
1286,10
6047,2
2656,10
6891,0
7456,7
7968,5
5184,7
5192,11
1077,11
3125,9
420,6
429,2
493,3
5613,2
4197,1
4725,2
5749,2
5757,4
684,7
461,0
6712,7
7536,7
7537,8
976,1
1807,3
4225,8
6807,9
6839,0
7554,1
7594,2
6320,10
7344,5
7603,11
6244,0
7164,3
3927,4
1217,3
1219,4
5315,0
4649,8
5945,0
6009,6
1376,4
1396,4
2259,7
2779,2
3803,2
1603,5
934,7
1974,1
4892,0
4959,5
4158,0
4159,0
1475,8
3364,3
3884,1
4422,5
4423,3
7015,8
3624,4
3704,0
6242,5
7787,1
3634,9
4119,6
4503,3
2610,5
3698,1
440,1
4166,1
4695,0
6903,10
4185,2
6214,1
6766,7
5840,0
5844,1
435,7
7386,0
828,7
1225,0
1229,6
808,3
3880,2
3886,4
4145,12
4870,8
4388,9
4396,11
5420,1
5421,2
7533,4
345,4
2395,1
4756,7
5788,0
7836,2
158,5
6675,0
4639,1
6943,5
6975,9
6185,7
6313,1
6377,2
6393,3
7417,0
7420,3
1114,2
7635,5
8147,9
8054,4
4899,7
5923,4
5939,0
5947,3
2390,0
7309,5
7821,3
43,4
1067,3
7419,7
7598,1
8110,4
2241,2
3265,5
629,0
631,4
4125,2
4127,4
2232,7
3513,4
3273,6
3529,9
5446,11
5274,5
531,9
6003,1
7074,0
7139,1
307,11
110,2
2174,0
2393,1
3929,2
3201,5
3207,0
3719,0
1345,3
3491,4
6742,0
6750,4
6878,10
6208,5
6210,11
6466,1
6474,9
236,8
237,2
7796,1
7804,8
2892,9
7038,8
3259,0
2225,6
2801,3
1953,4
2019,6
4133,0
4645,5
6949,2
1331,0
1339,1
5525,10
937,7
953,1
3877,0
7104,2
7120,6
7128,9
4264,3
6842,6
6747,0
2721,10
2785,2
2793,0
7185,2
7189,3
2170,0
328,1
509,8
3106,11
3107,2
3623,3
7719,1
2995,0
6673,5
6677,6
6709,0
6781,3
4448,3
2148,10
2156,8
2284,0
3308,5
5352,4
4156,2
7069,8
1731,3
1767,0
7685,3
6792,9
7064,1
8154,1
1163,4
1515,1
5162,7
5493,5
5641,2
5677,0
4364,8
4665,0
5689,0
2324,5
2459,6
2087,7
6301,3
6813,0
7108,1
7124,2
792,7
1817,0
1849,4
441,4
443,3
1467,5
323,4
5336,0
5338,10
5594,8
1956,2
1972,1
6076,8
3482,2
2186,10
2442,0
2474,4
4408,6
4472,5
6520,5
6522,7
4684,10
6732,8
6862,3
4286,1
2499,1
2503,0
4039,1
4055,2
1809,11
4671,11
5077,1
6856,7
7112,3
1192,7
5288,11
5820,4
5268,7
5276,9
3098,5
3614,2
3806,0
4998,7
5030,7
893,0
4964,5
8036,2
8044,0
184,7
1212,0
7182,1
7694,0
7822,0
7886,10
7037,1
5090,8
5091,5
5130,8
5258,11
5514,2
3155,8
7265,4
7541,5
1606,2
1895,3
94,8
95,2
5760,7
6034,4
2888,0
6984,4
359,4
367,10
3031,5
3789,2
1946,1
1979,4
602,0
858,4
890,2
2938,10
2942,5
2243,7
2519,0
4180,3
1124,10
1140,8
5492,2
7542,10
2424,11
3448,10
3576,5
5180,1
1975,0
6391,6
1145,3
1149,1
1277,4
1789,1
2666,3
3818,11
3819,10
1672,0
3720,6
3976,1
4040,7
4056,2
360,5
4969,3
7017,9
5247,5
2983,1
820,9
5942,1
6006,1
2367,0
7487,10
5280,9
1818,8
1850,3
2966,0
3030,1
6348,6
7900,10
3495,4
73,1
2265,0
2022,7
424,11
1448,6
1455,5
5127,6
5639,0
4181,4
446,0
4135,9
4647,1
6823,0
3794,1
4050,0
4315,4
4319,5
5343,9
7252,7
916,9
918,3
6038,4
1199,9
3263,10
2660,4
3509,7
6246,6
6646,3
1097,0
5197,0
5229,1
3226,1
3738,9
3470,0
3196,3
2002,1
5410,9
154,0
2189,9
3757,3
4464,7
5488,2
7971,8
6760,2
1292,1
3340,7
3990,3
5717,10
5877,11
6649,3
2736,3
2738,4
6898,8
1327,4
1839,0
4189,5
177,9
497,2
1011,2
1262,7
3008,0
6018,0
6082,0
1486,5
6260,0
5878,9
2490,1
3514,0
2631,2
3655,0
3687,4
3926,1
4921,1
5049,5
5053,10
1394,0
1398,2
5502,6
468,4
500,2
502,0
1014,6
7654,0
4821,2
3518,0
1924,9
1964,1
6060,5
3051,2
2220,0
6724,10
6852,2
6868,2
4530,3
5210,0
5242,6
4358,11
4366,11
4462,0
4974,9
4646,6
4902,1
4966,11
1859,0
1891,3
2023,5
4109,6
6205,1
7293,2
6093,5
589,8
4553,0
801,1
6734,3
284,11
2366,3
5190,1
5230,10
507,2
105,9
2665,0
6761,4
7785,1
5767,0
2142,0
2143,8
1800,10
1802,9
1866,1
1457,1
4664,4
4667,2
3208,1
3465,2
3547,4
6202,3
6206,0
4392,4
6217,5
6249,2
961,2
5909,1
5973,1
5666,2
7714,2
7730,2
5929,9
6543,1
1928,7
794,5
1882,1
155,2
3046,1
3062,1
8081,1
6022,0
8070,2
4989,2
7570,4
2644,5
2646,1
2647,0
3799,4
2340,1
2476,3
3500,0
1095,5
1223,3
1759,10
3224,3
3228,4
3740,9
7839,6
3472,3
4016,9
4453,1
4965,6
6787,3
6791,3
6946,0
3636,5
3764,0
186,10
3100,3
7327,1
723,2
755,1
2828,11
2862,3
86,3
87,7
375,0
503,6
2448,9
6578,0
4738,8
6786,5
7046,9
8112,3
8114,8
6376,5
6901,8
2540,10
2556,4
6652,2
2483,4
7776,9
4512,3
4513,0
5607,0
6927,3
62,0
638,0
5758,7
5204,8
6811,3
6221,0
3366,0
1877,1
4832,11
5088,10
7249,0
7761,1
8017,0
7944,3
6216,7
6728,0
5010,3
6805,4
6815,4
4378,8
4442,0
558,1
559,3
4655,4
6972,5
3361,12
842,4
6154,3
6270,0
1594,5
3041,4
604,11
3708,7
3016,8
7379,0
1383,3
2650,0
2235,0
2747,7
3771,2
5991,7
5186,1
3784,0
744,8
2792,2
6888,1
1570,6
6229,0
6237,2
6527,10
1269,1
3317,0
2463,0
301,6
2365,10
3718,7
4262,1
4270,6
1994,6
1998,3
3981,5
4045,1
6976,6
6978,2
5176,10
5240,8
2784,2
2788,1
6884,3
6887,1
1474,9
4693,7
1086,10
4256,3
4324,8
4836,9
5862,3
4867,1
4875,0
5915,1
1677,1
3741,0
7638,2
1299,6
5491,1
2651,3
4208,4
4720,2
4851,0
5278,2
5790,4
1613,9
2385,2
2521,7
1290,3
3466,1
4147,9
4792,8
6840,0
6818,4
5017,0
2761,0
3299,2
3555,5
7651,8
6592,3
7678,0
3440,4
6662,6
6950,1
2571,9
7723,7
6355,0
6359,7
6153,7
2256,2
3580,11
231,2
239,0
2127,3
7764,5
6974,2
4334,1
2506,0
1539,5
3747,4
681,7
3109,10
7333,4
3142,3
3398,0
1085,8
5565,10
6090,1
4381,11
4383,1
6853,7
6893,0
3158,0
3287,1
3543,1
6899,9
7349,8
958,1
5638,10
4960,4
4976,0
7032,0
2783,3
2815,4
4761,5
6809,2
3059,4
4234,11
5441,8
5443,2
5579,9
4362,5
4367,0
4149,2
4157,0
5181,0
2642,9
6994,7
451,4
963,4
7767,4
3310,3
7406,7
5882,8
4788,0
4790,1
1355,1
1472,4
899,11
903,1
4999,0
5063,0
6087,9
7203,2
7331,0
7843,2
6165,4
6197,5
7735,1
1017,5
7827,2
6663,5
4907,0
4548,1
6596,3
7176,0
7180,3
7308,6
7885,4
874,0
3050,2
3907,5
4812,1
4830,0
5485,6
5997,7
5999,8
6342,6
6350,0
6606,8
2771,3
3593,3
3627,1
2217,9
2477,5
1136,9
1652,3
3700,1
7240,1
7274,0
2548,1
3060,4
7234,2
7490,4
7522,4
7526,4
7534,9
2708,3
1696,3
6066,4
1361,4
1373,1
6322,0
7346,7
7350,5
6164,5
7254,0
5041,1
6857,0
7881,3
7883,4
4760,7
4824,8
4856,0
627,1
635,0
5759,11
972,8
2912,0
7875,1
5888,0
5956,1
5964,4
5577,0
6746,10
7898,5
926,8
1378,5
3958,0
1125,8
5733,0
5917,5
5949,2
3346,5
3391,1
6212,4
1295,10
3343,2
4808,11
4810,0
2984,6
5654,0
5686,2
5572,6
1203,0
3763,1
399,3
1484,8
2014,2
4707,0
7690,0
2226,6
5005,1
5037,1
6447,1
4028,2
4194,11
4963,7
3113,0
1592,4
5688,7
6072,2
8120,4
6120,0
6121,7
5256,11
4742,3
4743,6
3480,1
7609,3
5019,3
5083,8
3137,7
7369,1
7625,0
8137,5
3394,2
3522,6
7260,9
7261,1
7389,8
6487,3
2840,4
2844,0
533,4
2583,6
2591,9
3400,5
3433,1
121,10
3453,8
7233,4
7747,4
7755,3
7210,2
7738,6
5312,4
5313,7
5825,7
5857,1
7921,5
7259,1
1162,10
1178,0
2473,8
4025,4
4638,1
283,9
1234,1
3826,0
7922,3
3128,5
3258,7
8088,6
4303,1
6973,9
7997,2
4971,0
5722,2
6314,2
6315,8
2522,3
3034,5
3746,3
6936,0
6970,9
7994,7
4992,6
6048,1
6052,11
8101,0
1674,1
6027,2
2165,10
3922,2
5940,0
6068,3
3173,4
3189,0
3445,2
6305,4
6577,0
6589,6
4321,3
3374,5
3438,3
3439,0
5953,0
47,11
175,2
3237,4
7589,7
4444,5
7516,1
6312,8
1242,4
1499,4
6398,6
6713,0
4278,3
4279,7
3378,1
6179,5
6183,11
6599,7
6800,0
5331,1
543,2
330,10
2713,9
5371,7
860,3
1884,1
3934,0
5656,6
6749,7
1722,0
1527,6
5770,7
5774,2
6273,11
6289,10
5699,5
7686,3
7846,5
5457,1
5489,0
5497,11
4557,5
4573,5
4575,1
6700,8
2012,6
5458,5
7546,1
6489,3
7576,2
5530,3
7229,2
834,7
6914,10
7034,9
5267,1
2408,0
2924,9
143,0
581,8
599,5
4951,3
636,8
3318,1
3215,1
1577,6
1705,1
1769,4
3817,2
1656,3
4748,2
7148,3
614,0
870,0
5990,6
4115,4
7835,9
2936,5
1481,0
1485,1
5344,11
7400,9
7401,2
7913,8
240,2
7435,0
7467,2
6084,0
510,6
1432,5
5528,6
1737,4
1741,2
1243,3
6926,0
914,11
2776,4
7896,0
3750,1
3814,8
3520,2
3528,6
5761,9
7809,1
7865,0
6740,0
2287,10
3086,6
3150,3
3151,0
3407,0
8107,5
6464,11
8000,1
2397,0
4269,6
3864,0
957,5
2601,0
1502,2
83,2
339,0
2387,4
2391,3
3415,1
3112,7
3176,5
3321,5
2950,3
2951,6
4015,2
6925,3
1101,0
427,8
491,7
4587,7
1601,8
3822,0
5450,5
7498,1
3983,3
7728,4
7856,2
7860,3
7588,0
7590,2
1141,2
6439,0
422,2
438,1
439,0
205,7
4691,5
374,8
1496,5
1879,0
5129,1
5131,1
7574,4
3610,0
5033,5
6340,6
3233,1
3745,4
4853,2
2104,1
6714,8
996,4
1012,1
2038,4
4110,0
5262,2
6030,2
3219,3
3223,0
2937,2
349,4
7412,2
7668,11
3659,7
4165,7
2853,0
2981,1
7093,9
4700,2
7902,3
7297,2
8161,5
1584,9
5680,6
5881,2
4904,6
6532,1
2216,7
7592,1
107,8
4311,2
5906,2
5910,2
2342,11
2478,0
6574,1
849,8
857,0
889,0
3232,10
3760,0
7355,8
5199,0
786,5
5050,2
3591,4
54,5
247,1
3110,1
5215,1
5373,8
6668,1
6684,1
7036,11
5529,2
5531,0
7811,7
7831,2
8068,3
4170,2
4430,0
5454,0
2658,2
591,4
847,0
863,2
2911,2
774,3
782,6
5967,3
3554,1
3570,2
921,0
3728,8
1428,5
5532,2
1081,0
5177,4
7372,0
853,7
855,1
2758,2
4466,11
4474,2
3701,2
1426,10
1804,4
3870,2
5548,4
1236,6
5884,0
6568,0
7211,4
7407,10
1070,8
7358,1
4833,2
4835,5
840,2
861,1
7877,9
4421,9
3590,1
3606,0
611,3
2663,2
2799,11
1916,0
6919,0
2464,10
3488,5
4080,4
4082,2
1811,1
3859,5
2219,1
2239,6
1180,9
2100,10
6196,3
6452,3
6516,10
6524,0
3269,9
5576,4
6593,2
6601,1
7627,5
7692,3
7726,10
3188,6
4822,0
6258,4
6259,3
3809,0
4065,0
8169,8
4387,10
6702,9
2923,6
4545,0
5569,11
5571,2
2260,4
2261,4
2263,6
6356,1
6357,3
2329,10
3353,1
3355,1
7618,7
1113,11
5466,2
5154,5
5218,7
7310,3
994,2
1002,4
6504,6
7242,2
7758,2
5780,0
748,0
1004,6
4202,9
4219,10
4223,5
4479,7
1742,1
844,8
5648,8
5682,2
5690,5
5694,3
2767,2
4059,1
4621,0
4653,2
5805,2
4221,4
4924,1
4988,5
5615,7
7750,1
4501,0
2141,6
2685,0
5133,10
5389,5
2155,5
3830,5
762,3
2413,4
4205,1
1353,0
1865,2
1869,4
7056,4
7088,9
1720,4
1190,8
7334,0
7606,1
7181,10
5660,0
5662,5
1580,8
1582,0
6449,2
6457,0
338,11
1366,9
5462,8
5470,2
2621,4
901,8
1259,2
5676,2
5932,3
2130,7
6770,10
7794,4
7216,4
6276,4
6277,7
6396,0
6345,3
3475,1
1706,0
3754,1
817,11
1843,1
5619,0
6748,6
6876,3
5664,11
63,4
1087,1
1343,3
1871,3
1179,2
1755,7
3266,0
3267,0
7556,2
7558,0
1795,0
1923,2
3578,2
3607,4
2689,7
6785,1
5016,10
5080,8
5045,5
3428,0
7524,0
7952,5
8024,2
5365,2
3018,2
4043,0
5580,9
6971,2
4570,0
716,6
2764,0
6054,2
4668,4
1851,4
1464,2
726,4
779,0
5873,0
4155,5
3006,11
3900,4
1669,3
3973,7
6339,9
2202,7
2203,5
6969,1
7033,7
5074,0
3979,1
5673,1
6077,3
908,3
5004,8
5036,5
6284,7
6316,0
7352,1
7416,1
2676,5
1380,6
3572,0
5482,9
5245,0
2643,1
2899,2
6995,5
77,11
109,5
4973,10
3296,0
1725,5
2703,3
3431,4
4774,1
6822,2
7854,11
2889,3
2641,5
1745,2
3793,1
7889,1
6020,2
6100,5
7178,8
7343,11
3416,6
1620,9
3797,4
2606,2
2798,1
1397,0
3293,2
6564,5
3124,11
3638,3
4711,0
7273,1
1335,1
1346,6
5574,6
5732,0
5748,1
7932,2
3000,2
7329,2
7841,7
8121,5
7313,5
7321,3
7385,1
2166,8
5824,6
810,6
826,6
827,0
1855,8
6922,9
6864,6
8146,2
3009,8
1579,2
3523,1
3427,3
3411,1
7507,4
5064,2
2750,1
3860,4
442,3
6188,0
6844,7
5427,0
3566,0
5487,1
4493,4
6841,10
3238,1
7335,2
5379,3
5475,3
7523,3
6570,4
1848,0
5944,0
1206,9
3139,0
3651,1
3779,3
7907,3
5926,3
6423,1
6455,3
3681,6
6215,1
1150,1
2353,8
2357,3
5149,6
5213,8
4440,6
4952,9
7262,5
6414,2
7102,4
4036,1
4052,2
4910,0
1575,3
1911,3
4201,3
4329,4
4345,2
4601,0
5553,0
3714,1
8118,6
4452,8
1701,3
1703,0
7847,4
2755,1
833,5
5073,3
7916,2
2181,0
3725,7
1684,3
1716,2
3484,4
7441,6
1112,2
1369,2
1497,5
4600,1
7251,3
1857,9
1008,9
3058,0
4739,3
6799,3
4898,3
5107,10
3131,5
7825,0
2279,4
4451,1
4967,1
1119,5
4469,2
4471,1
4686,2
6990,8
165,5
421,5
1445,5
3336,9
3418,5
3556,0
3954,10
397,4
1476,4
4411,2
2897,2
2905,1
7337,1
3423,3
3455,0
2137,4
1638,8
4890,11
4891,3
4895,5
4997,1
6021,1
1417,8
2604,9
3629,4
3798,0
5604,1
4487,11
5261,0
5293,7
5252,1
5316,8
1970,0
4026,8
3261,0
1334,1
1342,0
3689,0
3693,7
3942,2
1009,0
3426,4
4214,2
7287,4
3230,2
4435,7
1257,3
5609,1
1195,10
5830,0
5846,5
668,0
924,7
4037,0
5651,5
4741,11
7304,6
1333,4
1845,1
3893,9
3506,1
1444,0
4834,0
5499,3
6720,11
6870,3
1929,9
1931,0
1583,6
1711,0
3695,10
6722,2
6535,3
7047,1
3734,1
5009,0
1906,0
6002,2
2286,0
3311,5
3483,5
7579,11
633,2
6788,0
6836,11
1616,7
1648,0
3849,3
5003,0
2197,4
566,4
1590,4
7384,7
4419,0
4547,5
2402,6
2418,0
3450,0
7436,10
7500,0
8014,3
3148,0
3278,2
376,10
1912,5
4207,5
6511,6
2131,3
4339,5
4658,7
6083,2
430,11
3054,7
7477,5
587,0
2635,4
5296,0
31,3
930,1
946,1
1363,0
687,5
1967,9
6576,0
5198,0
5246,0
2992,3
4017,0
4001,0
4003,0
6682,0
4883,1
4955,3
5263,5
7583,6
4379,0
7430,12
7494,6
2175,2
3199,5
3077,7
7437,0
7501,1
233,4
4585,1
4796,4
3383,2
975,1
6706,8
6710,11
2101,0
2597,0
6693,0
4289,0
4305,6
6385,1
942,0
4013,8
2435,11
4007,2
3243,0
4051,7
3872,7
3888,2
3952,1
227,7
1779,0
6849,8
913,7
7057,11
6729,1
7769,2
7801,9
6367,1
1102,2
7279,11
5955,7
6604,5
6913,4
6977,6
4797,7
6685,11
3600,6
358,9
2406,3
7535,11
1650,0
1778,7
1321,7
3503,3
7076,1
4231,0
4239,1
562,0
1842,5
1651,0
5536,11
5538,5
4443,9
5467,0
5979,1
6670,2
7150,8
4252,5
6300,0
6556,2
4515,8
7373,5
7689,5
1876,0
3377,1
7473,4
5320,0
6307,6
1083,0
2609,6
2613,1
2741,2
3094,6
7766,7
4187,10
6056,5
4434,0
4563,3
3873,3
3881,0
3945,10
2327,1
6503,4
1646,4
4873,1
4937,1
5065,1
3949,4
3996,9
3972,0
7461,7
488,3
2537,3
7078,5
7080,1
7082,6
8106,4
1326,3
3205,3
3277,1
3928,1
6810,5
7066,1
2533,0
5024,7
5038,9
6405,6
7429,1
2772,5
1987,0
7623,6
694,5
4683,4
3562,0
6939,0
2794,5
2399,2
2106,4
3130,2
5773,2
4485,6
4930,7
2400,11
4024,1
5383,5
5959,7
411,7
5522,4
4728,5
1858,6
1986,6
4034,0
3042,3
4070,11
5995,1
6590,4
4536,3
4537,0
4541,6
1205,3
5496,1
952,10
2360,10
6456,11
1071,2
5143,0
7255,2
7960,0
6023,6
1712,0
3762,2
795,9
4431,3
739,0
5588,7
1354,7
1870,2
3908,3
4068,3
7820,10
7937,6
7833,7
7687,2
5391,1
5533,5
6768,0
3674,5
3678,2
221,0
951,5
3989,6
1545,6
1609,10
1753,0
3801,2
639,0
6389,0
8041,4
2003,4
2848,5
1704,6
5800,5
5804,0
7489,7
7493,0
7525,8
6945,0
5474,3
460,2
2510,1
3022,3
5449,2
2836,7
2147,11
3179,0
5034,0
3821,2
7438,0
2481,1
2947,2
2955,4
4343,0
5367,4
6172,9
6236,0
887,3
6542,4
4598,5
7941,1
5438,8
2167,0
4212,4
4981,3
2437,1
2445,1
5464,6
5658,6
7849,2
4280,0
4284,3
2849,2
6955,5
7083,4
4604,10
4606,9
6073,0
6178,1
1461,5
2967,5
2589,2
3114,11
3115,0
3247,8
6755,3
1256,8
1260,4
6245,4
6373,2
1744,1
5848,3
6705,0
4817,3
5075,0
6318,0
1447,7
1831,1
966,3
2362,3
5178,1
5165,2
1388,0
7175,5
7431,1
5382,0
1328,10
122,5
2298,9
2299,2
3782,1
4038,2
2281,5
5701,4
4650,0
7213,4
4107,11
3982,2
1436,4
8084,3
433,2
4406,3
6985,2
2441,0
2505,6
4561,1
1611,9
1627,0
2714,4
2746,1
6594,0
6618,0
1922,8
4445,3
1433,2
5381,2
7427,4
7840,2
8099,0
5448,2
5960,7
8136,5
6482,1
1171,5
3227,7
622,7
7936,4
2345,10
2361,4
7269,0
7816,0
7848,3
7565,9
7004,1
7596,8
3234,1
3134,2
6213,3
6708,6
3185,1
1412,2
2004,1
2033,9
8105,11
456,7
3736,0
7832,1
7760,4
7890,7
4888,8
7171,1
7711,2
7779,1
4521,4
4523,2
5435,3
7222,2
4139,0
4843,1
2211,0
3303,4
4945,1
6993,0
7001,0
8025,11
7276,0
3171,9
3683,3
2626,11
6297,1
5356,9
4901,6
5029,5
1143,2
6253,5
4306,10
2993,4
178,0
1202,0
4928,9
5969,3
6129,4
4398,1
2386,0
2514,4
1323,7
678,9
5001,1
6016,8
1231,0
3832,5
3833,6
5728,2
5856,3
250,0
3154,7
2734,0
5451,10
4675,8
5747,9
1402,6
2283,2
6278,5
3874,4
1564,8
1694,1
4717,3
4719,1
4710,1
3721,3
3753,4
467,10
3294,2
1264,5
1272,0
3534,4
4946,4
7708,4
7380,4
6723,4
1927,1
5452,7
6113,0
3802,0
2313,2
3401,4
6058,7
6579,5
4681,11
5705,0
6296,10
4840,6
6534,10
7149,6
7016,1
7020,0
5512,8
6026,3
575,0
6699,5
5977,3
3933,5
6252,1
6764,4
2982,1
6433,2
6438,0
1867,5
7880,2
1167,0
1935,6
6031,11
6347,1
7681,1
3935,0
1189,1
7597,10
5169,2
5241,5
3162,2
3323,11
3887,4
6595,0
3994,0
3998,7
2679,1
881,6
185,4
3281,2
5808,10
798,0
7632,3
2807,2
872,8
3365,4
4183,3
5207,6
5335,2
7050,9
5498,2
2600,6
2681,2
3298,3
7394,2
6000,3
5764,1
5789,11
5744,0
6324,0
6325,2
6837,7
2823,6
3619,2
6219,1
6251,0
6234,0
7984,11
6957,6
3395,7
3403,5
7045,3
2629,5
2164,10
6472,2
6476,3
3968,7
5301,8
4540,2
5377,5
5517,0
714,5
557,8
5743,1
3342,8
2404,11
2412,5
3950,4
4457,0
5481,5
2028,1
6572,8
4117,7
6941,2
4594,1
3937,3
3111,1
6917,2
241,0
6645,5
5387,0
5403,4
6991,3
6309,2
5711,4
5369,5
1836,5
6859,0
7266,0
5401,0
5465,3
319,7
7462,11
4489,9
710,5
907,5
4365,7
6501,2
4041,5
436,3
4534,2
5046,9
2602,2
3626,1
3642,1
4359,9
1861,1
3053,9
3304,0
3560,2
4090,7
1854,0
8056,4
1508,2
1255,2
8009,4
2338,7
6838,1
5362,3
5634,5
5730,2
5734,2
5750,0
563,2
1291,5
2254,1
3166,1
6537,10
4811,1
3785,4
2627,8
7115,3
5058,2
999,0
4737,2
7817,5
5971,9
7264,6
3347,0
4654,0
1159,4
7718,11
7873,1
1942,1
4209,7
3654,0
7691,6
2565,1
2949,2
2590,2
4757,2
4809,4
6411,2
4259,2
5575,1
1365,6
5560,10
4882,9
6739,1
988,2
6794,0
3101,8
3229,2
6329,1
6701,4
6765,4
1054,5
3705,0
741,7
1581,5
4782,2
3297,1
3313,8
2552,4
939,0
6468,3
3191,6
4249,7
5048,11
2990,0
6295,10
2358,0
2430,3
4881,0
5015,8
2507,0
2539,6
4173,10
2726,9
5417,1
5433,2
1682,11
7202,8
7715,2
3014,2
5161,0
6151,5
6407,1
6431,0
6248,11
2472,11
6861,0
3670,3
7170,0
7250,0
7258,3
5290,2
7402,0
6043,6
4590,5
6726,7
5236,5
2381,0
4476,4
4478,2
7328,10
6326,3
5396,1
7778,8
7377,4
4839,0
4508,5
4509,0
6281,1
6443,3
5794,0
2930,8
7559,4
4903,3
6500,4
5266,10
5303,0
7455,9
6741,3
6773,1
2611,0
4825,4
4829,1
5988,3
3540,2
246,1
7060,2
6851,0
7179,11
7195,0
7323,4
4413,0
7130,2
5537,1
2469,0
2991,1
1805,2
5921,9
5469,9
7727,11
188,1
255,1
4293,6
3381,3
3573,11
2916,0
7028,4
2615,7
6798,1
6830,2
6282,1
4740,11
4804,5
6092,6
2086,6
2294,10
6365,0
3953,0
7072,4
7684,6
7734,3
3842,0
3854,1
4669,2
4950,1
3633,5
7980,4
5483,1
2375,4
6436,7
2214,5
4589,11
3103,0
1127,2
7505,10
7513,10
1968,0
2032,3
6462,1
4984,7
6478,3
3672,5
1872,9
3921,2
6566,0
6194,3
6450,0
6515,9
4885,1
1740,6
5837,2
5853,6
1139,7
7000,0
7105,0
7121,3
1714,2
1719,7
5147,0
6390,6
2528,3
2536,2
4336,1
4348,4
5372,5
3502,0
7942,0
7974,8
1313,4
5425,9
5349,0
7405,7
2877,0
4574,3
5086,0
837,0
997,0
5892,5
3564,6
1837,6
1853,4
7812,0
598,1
2774,1
3040,1
6112,2
4222,1
4925,2
2139,2
2171,2
4458,10
5954,0
5966,3
551,1
5600,1
7648,3
4420,11
6469,6
4182,6
2553,11
6426,5
6554,1
5801,8
5817,5
4415,3
2940,0
4190,5
1868,5
1498,1
1673,7
2198,0
2582,4
2103,7
2111,0
4342,1
7073,2
7981,5
6328,4
254,11
1022,1
1944,5
1948,6
5054,10
3048,0
1765,0
3079,2
6721,0
6737,4
2125,2
4405,0
4917,7
6089,1
2616,4
3768,10
4432,2
5581,1
4660,0
5813,1
167,6
1494,0
2709,3
2661,3
4463,1
1554,5
1810,5
5914,1
346,5
5237,4
5239,4
6819,0
3868,0
2252,3
6636,0
6637,3
5838,10
1821,1
5094,6
2492,2
2475,8
7474,0
7986,10
5173,7
5175,5
5729,8
1840,1
1265,10
7449,6
4659,2
6707,1
7428,5
4447,2
2268,8
5399,1
1099,8
5216,6
7301,3
1833,10
4596,3
5908,7
5802,1
1680,3
6036,0
4455,0
7652,4
7296,11
2419,0
5300,6
5364,0
2267,0
2271,5
868,10
1801,3
5897,2
7947,0
6412,2
5684,0
7367,0
6981,3
613,7
615,1
3217,3
7315,4
1973,3
2234,7
504,1
3064,1
5067,0
1875,3
1512,7
6806,3
2803,0
6352,11
7390,2
3553,10
3512,0
4794,2
679,0
4118,10
3044,6
6921,1
1984,9
3713,10
3811,3
5251,4
5255,2
4807,0
6889,5
3146,0
3703,6
3493,0
6874,9
7246,2
7247,7
4450,7
3620,4
7973,1
7353,0
965,3
3301,3
508,1
1389,1
8092,5
6865,1
8033,2
5409,10
5549,9
7206,0
6298,6
2529,2
2531,1
3457,8
6533,8
2468,4
4206,2
7468,4
5361,1
4391,7
5415,9
7320,5
5661,1
3947,10
1063,1
1319,0
7476,8
4692,3
4980,2
5543,1
7312,6
5691,1
4677,11
6517,0
7813,1
7829,2
4567,0
6041,11
2914,0
3012,5
3020,2
3752,3
2107,0
905,9
4374,9
6435,0
5023,3
5803,10
2258,0
7382,6
4923,5
6796,0
3462,0
4878,2
7970,2
1977,2
7330,1
7906,8
919,1
1274,0
1278,6
1940,3
3988,3
7706,5
1191,4
1194,4
1466,4
1530,8
3283,0
766,2
3056,0
4592,0
5674,2
7866,11
2083,6
2099,6
7888,1
3840,3
3984,7
5413,1
1106,11
7340,6
3252,7
2251,4
3464,7
5617,8
5829,10
3897,3
1785,10
3422,1
7144,5
5896,10
1395,4
1907,2
6633,5
4803,0
5900,0
1007,5
5221,0
7511,1
253,0
5082,2
3820,10
6937,0
7957,2
7326,5
2881,7
2913,3
8132,3
573,4
765,7
7089,1
1937,6
1128,9
1657,6
4956,9
731,0
2551,1
7701,0
7703,9
2874,0
2326,2
846,3
2852,4
4572,3
5814,4
1945,1
1981,0
4314,1
5598,1
1352,6
1516,3
1768,3
1770,1
1774,2
473,1
5081,2
5795,0
978,4
3026,0
7710,4
7460,2
4580,5
7067,0
5835,6
910,3
2821,11
5225,4
310,2
4602,1
1144,3
950,1
8075,5
1483,3
7786,4
6697,3
7339,2
3598,0
5279,8
2883,1
311,0
823,1
2163,0
6928,1
7314,3
1771,1
3388,2
3496,6
1133,6
3181,6
1695,6
5766,2
5257,3
5289,3
1210,1
7850,0
7722,10
5351,2
372,5
4468,1
4470,2
5032,0
5397,7
2109,0
6333,3
1175,6
5422,6
5642,7
7621,4
3093,8
5205,1
1349,0
1324,8
911,0
4323,2
2530,4
7990,4
2134,5
2262,10
1317,8
2292,9
2300,1
5043,1
4459,1
5620,5
6370,2
6626,1
1655,4
2760,5
6086,8
5471,8
6753,2
4486,3
5102,3
537,7
4985,2
1513,1
1517,0
4255,0
2332,10
222,2
4318,4
2684,3
1209,1
3417,4
4938,9
4942,1
6586,2
1330,9
7478,7
7497,0
747,3
831,3
3241,9
8133,2
4126,7
1187,9
6669,7
6733,1
3209,3
2034,1
6881,5
1370,4
4267,8
8077,9
6184,2
6508,1
4337,3
1384,0
1385,2
4325,5
6820,0
7844,1
1562,6
5659,1
6460,3
3149,4
486,4
6118,11
395,9
6521,3
6772,7
3477,1
3276,4
1244,4
343,0
2248,2
2264,3
3288,1
3748,0
1588,6
1258,8
7207,1
7271,7
3664,9
3845,0
2095,7
7241,4
7257,7
6757,8
4484,9
2968,1
2969,4
4049,7
1913,0
3370,1
5171,2
3095,6
6644,0
4913,2
3723,2
764,1
7696,1
4446,0
5501,3
5938,0
882,9
7717,1
4701,1
6992,1
3918,2
1762,2
1813,8
3916,0
5608,10
5291,0
1815,4
2869,0
4426,3
6381,2
5108,0
4215,3
6513,0
3930,2
3690,3
2860,0
2988,4
3118,1
3430,10
3032,0
7555,1
8098,6
6364,2
1823,1
5724,0
3135,2
6711,2
7557,3
1925,4
5066,10
5539,5
7587,1
3853,3
5524,8
2297,11
6451,2
5698,11
2409,1
6635,2
1463,1
630,2
811,2
2989,7
3895,8
2231,0
835,5
1863,5
2497,0
3730,4
7828,1
7111,7
628,10
2269,2
4004,1
4006,5
7356,10
5020,3
2347,5
2411,1
7949,4
569,3
7499,8
2960,11
3985,0
1990,0
362,9
3024,5
5669,1
5287,0
6019,7
8067,3
3004,4
2253,1
2509,6
3866,3
6167,2
2730,7
5714,2
4944,8
3033,2
5486,2
3239,3
5477,0
1889,8
1310,6
2444,4
1961,5
4745,7
8002,0
8097,4
3640,3
3644,0
3727,2
1003,5
6580,1
6581,5
7529,5
6812,9
949,8
7562,10
313,6
4852,1
5495,6
5958,0
5195,1
1307,6
3899,11
6683,0
7311,1
1301,3
3997,5
6434,8
6498,2
4982,1
708,3
1989,1
7650,4
3603,0
3635,0
1992,0
4729,0
4858,11
3639,2
7267,0
4151,1
6199,4
6263,4
813,5
7532,1
749,0
1908,8
2036,4
3165,9
5647,9
2416,8
1429,0
2488,5
5985,0
5987,7
4845,1
2677,1
1896,0
3174,1
7270,9
7268,4
3367,0
4414,8
3356,1
7962,1
3246,2
6384,1
4947,9
735,0
5295,0
1739,1
7300,8
8069,2
2723,5
2739,0
1482,6
476,3
477,1
6816,8
6961,3
4953,7
4506,0
5018,2
2275,0
4261,2
5593,0
1198,0
606,0
1890,9
3489,2
2865,3
605,0
8001,1
2766,0
985,9
7616,1
8128,0
5325,4
5212,2
5270,10
5012,0
6600,6
2295,6
5702,5
5831,3
4032,6
6349,1
5782,1
1798,4
4298,1
5833,2
4908,9
1721,2
3601,11
6175,1
6687,3
5473,8
6894,2
2355,1
5731,11
1134,2
4291,0
3385,2
7948,3
1852,0
5308,8
6158,0
2377,4
5993,3
5459,4
5332,10
894,4
2633,2
2893,4
3917,3
4171,3
3242,3
1814,1
6344,0
2933,4
111,0
1020,0
4490,10
4335,6
1654,0
4282,0
4346,4
1559,1
1567,6
1458,0
5707,3
5723,2
1586,0
5275,0
5668,7
4805,1
7387,3
4011,9
1602,8
7341,2
4893,3
4576,0
2867,0
6198,1
3306,2
2249,1
2119,0
3777,2
3940,6
7299,1
3211,2
3437,3
696,3
1976,2
809,5
884,3
4551,0
1593,4
3320,1
6769,0
7025,0
6506,1
3978,1
3351,0
4549,9
1117,6
5721,1
7370,7
3485,0
6233,4
6267,6
428,9
331,8
859,0
7969,7
7253,2
6406,4
1847,2
1846,0
2223,1
625,1
5542,0
2172,5
3291,1
4703,6
603,2
5214,2
5342,1
4772,6
3538,3
2465,7
6627,4
2698,7
2954,2
4786,3
4217,3
5652,4
1618,2
6302,9
3170,2
5110,9
3660,1
7214,1
5895,5
5911,0
2952,6
4375,5
3641,1
1441,2
8004,7
1434,7
2614,0
6883,3
6507,8
5527,1
1016,3
998,3
5796,0
5798,0
7586,5
3869,1
8006,10
4750,5
4826,1
5745,5
6598,1
1387,0
2011,8
1477,7
7434,1
5085,4
7374,8
740,1
742,1
4564,1
6170,7
3190,0
2378,4
3402,1
2907,0
1196,3
6479,2
2654,10
3816,5
5657,4
3235,0
5292,8
2443,0
4456,2
7354,4
2717,3
5273,3
5785,2
8065,1
1829,2
7593,2
1359,2
3546,0
7508,1
1639,9
2765,9
746,11
4842,0
179,6
4394,0
4929,4
2354,2
1325,3
1723,0
6382,8
5330,8
5526,5
6505,1
2005,1
1734,0
1991,2
8085,4
5430,0
7544,7
7187,5
6473,1
1630,11
895,5
6703,1
5516,2
1435,4
5890,1
5986,0
7305,0
3249,1
737,3
1761,3
4775,0
6321,3
750,3
7238,3
1819,0
6265,1
4584,0
335,0
5828,7
661,1
7702,0
2207,1
5222,0
2875,1
4332,6
4350,3
1211,3
2742,7
8048,1
7041,11
2335,9
7009,1
6227,2
6238,0
3568,2
1462,2
7509,2
1183,5
5778,3
406,11
927,0
6855,0
2550,3
5716,1
1514,0
492,3
7193,0
6904,0
1995,10
3795,0
6790,1
6442,2
6996,3
2006,3
455,0
5812,2
743,10
3175,4
1005,1
6174,2
2420,1
2110,0
5667,0
4302,1
7136,0
7409,3
867,3
1528,2
2797,0
5712,4
2841,2
5484,1
3665,4
1103,1
2932,6
6896,0
5863,2
4562,5
4542,0
2285,0
7457,0
2538,1
5934,10
3183,0
690,7
2617,0
2745,1
1900,0
6585,0
1010,2
6351,9
1623,0
3671,7
796,11
6499,2
1662,8
1233,5
1493,0
1772,1
1126,6
1985,2
2956,0
3167,3
3781,6
5685,4
4009,0
1835,1
3045,4
1427,3
3010,2
469,2
981,2
6954,6
1690,1
3371,8
4538,3
5002,2
986,3
987,4
3373,10
2618,1
2227,1
5321,0
2020,4
93,11
733,7
4770,9
3892,0
7818,4
6640,3
5769,9
7447,0
7227,1
3305,10
410,9
4978,5
2417,1
506,0
1748,0
6817,0
1678,11
1710,0
2958,0
6563,6
6293,0
730,5
7976,6
1933,1
7347,2
4150,5
571,1
886,0
1910,4
5880,2
6223,0
7239,5
5306,0
3363,4
2740,0
5765,0
4915,1
7884,6
623,0
1926,0
4894,1
1386,2
4531,1
2489,0
3393,2
5924,9
8100,1
2453,4
6441,0
7465,0
6980,0
3758,11
700,8
2607,2
6485,0
5234,2
7177,2
3476,3
3516,3
318,5
3307,1
115,1
3490,10
4510,8
2091,6
862,0
4559,0
2394,3
1526,0
971,0
7307,9
5797,4
5799,6
4793,9
2748,2
7244,3
3192,9
3667,0
1633,11
5480,4
505,0
753,11
3808,0
7408,5
5746,4
2460,10
6988,0
6195,2
1404,8
407,1
7043,0
6204,2
7219,1
6207,0
4827,10
4058,1
4254,9
8152,7
3011,1
1747,11
6686,0
4709,0
4528,11
5385,1
2494,5
6257,2
7381,6
1649,11
6323,0
3977,8
973,1
2585,7
7306,11
2770,1
954,0
3539,2
670,0
1746,7
4733,4
8040,3
1626,10
5360,7
3993,5
1653,6
4918,1
4218,1
1878,0
6850,6
7378,10
1400,2
7065,7
119,6
2567,9
1500,2
3729,0
1988,4
5324,10
6057,0
5232,1
883,5
3289,1
1708,2
2498,7
1524,5
2652,0
5545,1
8018,3
7226,2
2890,1
7107,3
2302,0
754,2
2910,0
2108,8
3862,10
1135,3
6028,6
1897,7
7282,2
791,4
2603,1
6953,8
1996,3
5429,3
8072,6
4211,6
2806,0
5810,2
4220,1
2247,6
5693,0
2906,0
487,0
3722,2
5096,11
495,0
7746,5
6678,2
2790,6
7518,5
6987,6
2925,1
607,0
1780,4
3452,1
6222,1
5340,4
2622,8
3905,3
6187,8
6519,4
1452,3
159,6
7317,4
2462,2
3783,0
2486,2
1358,2
3552,5
6369,4
3537,0
2873,3
3770,2
2493,6
2455,4
1803,0
3896,2
4837,6
4271,1
4263,3
1702,7
1241,7
1431,1
3992,4
3946,4
967,6
3380,1
3382,2
7278,5
5299,0
5974,9
4295,1
7048,0
2857,1
1781,0
2808,8
5898,8
4887,8
7209,10
3561,5
471,4
463,11
6220,9
5602,1
8064,6
2729,2
2985,0
717,2
1246,0
7496,5
2153,4
2667,0
5671,1
4340,3
6860,2
5390,4
5509,2
3087,0
7985,2
7977,3
4635,6
2484,0
6360,10
6872,7
6679,2
1717,2
634,0
2649,0
3463,1
1635,3
5903,0
3769,9
2364,8
2653,1
7528,1
4465,9
3486,8
4789,3
2359,4
3673,0
3244,3
839,7
4554,10
2457,9
697,0
3001,6
2638,0
2891,2
3290,1
4771,8
4749,4
3275,0
7626,2
3157,3
5414,6
6033,0
6804,0
2908,0
4203,0
6051,7
6392,1
7514,0
434,4
5059,0
1377,9
7830,2
5961,3
5927,3
3625,1
2274,3
5786,4
444,2
1969,5
5460,9
5972,1
2605,0
4766,0
6029,2
4637,8
5916,8
7858,1
5678,0
7140,1
3706,0
4427,9
4783,2
1607,4
4909,3
5472,1
2781,2
4505,0
1978,0
5244,5
2705,11
5014,1
2343,0
3536,6
6388,7
4724,1
799,1
3731,0
4762,5
1273,3
1894,1
2546,0
2673,7
1691,2
7510,11
6605,5
2796,0
2655,0
3316,6
7506,2
5670,1
3282,2
5521,1
3443,1
7393,2
4685,2
4516,1
1492,0
2250,10
7940,2
6923,1
7458,2
6801,6
4773,1
6778,5
