0,11
1024,0
1536,10
1537,4
1569,3
5671,0
5735,11
7783,3
7807,4
4,2
516,0
1540,5
1543,8
1799,11
3847,7
3871,5
3903,4
4031,3
2048,1
6144,0
6408,10
7432,10
7560,7
7576,0
7577,11
7579,2
7615,7
36,0
1060,3
3108,3
3172,0
3428,3
3429,0
3941,1
8037,3
8165,0
8167,1
1,1
4225,4
6273,2
6529,6
6545,8
6613,4
7133,4
7165,0
2050,3
6146,5
6690,7
6694,5
7078,5
8166,4
3072,1
7168,0
7170,5
7330,1
7410,3
7414,5
7926,4
8183,9
128,1
384,0
392,0
393,4
457,2
4553,3
4585,1
5625,7
5629,0
7677,9
512,8
768,4
769,1
897,11
945,0
2995,2
7103,0
1056,0
5152,11
7200,1
7208,1
7976,2
7980,0
7996,1
8124,10
256,6
258,2
274,7
306,4
314,4
315,3
319,0
4415,4
5119,4
4096,1
4100,1
4101,4
4165,2
6213,1
6245,4
6759,8
6887,0
6895,0
7935,4
64,5
6208,11
6728,7
7752,0
8024,6
8026,6
8030,8
8190,12
5,1
13,5
1037,9
1805,5
1837,2
7981,0
4128,12
4384,3
6432,3
6440,0
6504,0
6506,7
6510,4
7022,1
8174,1
8175,8
1792,9
1808,5
1810,3
1939,3
2003,1
2035,3
2560,5
2568,2
2632,0
2760,3
6856,0
6860,6
6894,2
7150,0
66,10
4162,0
4166,1
4422,0
4430,9
5582,1
8142,0
8158,9
130,10
194,7
202,7
218,0
3290,3
3294,2
3550,0
3582,6
3583,7
7679,3
32,12
544,12
1568,1
3616,0
3744,4
7840,5
8096,1
8116,2
8118,12
8127,6
640,0
1664,11
1672,5
1676,10
7820,2
7852,11
7916,0
7919,8
4612,12
6660,3
6852,2
7876,8
7901,5
8157,0
4373,10
5397,1
5525,0
5527,1
6039,1
8119,6
48,9
1072,11
3120,3
3184,9
3186,0
3570,0
7666,6
257,12
1281,6
1345,5
1361,3
1369,2
1371,6
3419,2
4059,7
1026,2
5122,7
5378,0
5394,9
5395,2
5459,3
8051,3
8059,11
576,9
4672,2
4688,10
5712,2
5720,2
5723,11
5883,0
4752,12
4784,2
4785,0
4793,1
5049,2
6139,6
2561,12
2565,5
2821,4
3845,1
3909,1
3925,1
3927,11
8023,6
8,3
12,2
140,5
142,0
1166,3
1230,12
1262,3
1518,3
3566,3
4164,0
4167,5
4183,2
6231,3
7799,8
8055,2
14,2
30,3
158,0
1246,1
1278,2
5374,0
7422,5
7678,0
2570,9
2571,4
3595,4
3723,1
3787,1
4043,2
4047,2
4095,4
2,6
34,8
1058,6
1122,1
1123,3
1259,0
3307,11
3311,2
3567,5
2049,4
2113,4
2625,1
2753,5
2801,7
6897,0
7153,0
7163,7
1572,12
1828,5
5988,3
6116,5
8180,0
514,0
2562,0
2826,9
6939,9
264,5
266,5
778,10
794,2
922,0
926,1
990,4
2014,3
2046,0
2047,1
4097,4
6209,5
6241,1
6369,0
6385,5
6389,9
7925,5
7933,1
18,9
23,0
535,3
599,9
2679,4
2935,11
3063,1
4640,8
4644,1
4652,0
4653,0
5677,0
5741,7
5869,4
8189,11
1025,12
1057,6
1185,0
1187,5
1715,9
1975,2
4023,1
132,4
5508,4
5509,6
7557,5
8069,0
8071,5
8135,7
160,4
162,10
2210,3
2211,0
2219,2
2475,6
3499,4
2177,3
2689,8
2945,0
2953,2
2955,3
2987,5
7083,11
7087,3
513,10
4609,10
4641,1
4643,1
4659,11
6719,7
6847,5
4480,7
4994,8
5002,3
5034,2
5103,0
6127,1
6143,4
10,12
394,3
906,11
970,0
974,1
7134,10
2176,5
6272,3
6275,4
6851,0
7139,6
7147,7
7167,2
520,7
522,0
554,1
810,0
2858,3
7978,5
7982,1
473,2
475,2
479,1
991,4
3071,4
1034,2
1290,0
1418,3
1434,0
1498,2
5594,0
5630,2
96,9
352,8
484,1
996,1
2028,1
2030,5
136,3
152,2
664,3
920,2
924,2
1020,0
3068,7
3070,5
814,0
830,2
1854,0
1855,11
1983,3
16,3
17,4
4113,7
4625,7
5649,0
7697,3
7761,9
7773,9
6528,4
6561,7
6625,3
7137,1
8177,9
288,3
296,9
298,3
302,0
366,8
367,0
879,0
4975,3
7151,11
800,4
864,6
4960,4
4964,6
4966,9
6006,2
8182,9
65,3
577,1
2633,0
2637,0
6989,3
7117,5
7149,4
3200,10
3201,11
3273,2
7369,1
7385,4
7387,11
3,4
39,2
167,10
1191,2
3239,9
3255,12
3319,2
3831,5
1040,7
1048,5
1560,1
1561,6
1567,4
3935,0
8031,5
1553,4
3601,2
3859,0
3895,3
7991,6
11,2
2059,2
3083,6
3087,8
3119,5
3631,7
3695,1
530,5
786,1
2834,6
2866,2
6962,1
6963,2
7027,0
7031,3
5664,2
7712,10
7728,2
7792,1
7793,2
8049,5
2180,8
2245,6
2757,1
2759,3
8159,9
1152,5
5248,11
5249,6
5265,5
5267,1
7379,5
7891,5
7895,10
7903,0
38,4
2086,9
6182,6
6199,2
6207,2
262,5
263,6
1287,2
1319,5
1959,2
6079,4
68,10
4196,5
4324,1
4580,0
4581,2
4597,7
4605,0
4224,3
4232,1
4234,0
4250,0
7834,3
7866,1
7871,2
40,5
43,2
299,9
2859,0
2875,8
3003,8
4027,1
560,1
688,4
752,4
754,3
1779,4
4083,1
4087,2
1313,5
1329,1
1335,10
5431,2
7479,9
7999,1
270,6
2318,3
2446,4
6542,3
6559,1
8095,1
583,2
591,3
4719,2
4847,8
5871,9
2240,7
3264,0
3265,1
3297,1
7393,7
7905,1
8161,1
8181,9
772,11
3844,8
3908,8
8036,0
8044,6
8060,4
1600,9
1601,0
5701,8
7749,1
7751,0
7879,6
4610,12
4866,0
5890,0
5954,6
5955,0
5963,5
5967,2
198,2
1222,1
3270,2
3271,2
3287,2
3295,0
3327,8
25,3
153,4
4249,3
4761,1
5785,4
5849,0
5881,2
6141,2
6,0
22,0
534,3
662,0
2710,0
3734,0
3798,1
3830,2
7927,7
2304,3
6400,6
6464,4
7490,0
7506,2
8018,0
8019,4
8187,10
134,7
166,10
1190,7
1702,5
3750,0
3766,2
4022,3
2436,3
2437,6
3461,1
3973,1
3989,4
4021,2
2060,12
2124,0
6220,6
7245,0
7277,9
320,6
448,0
464,9
976,4
978,3
986,2
4642,8
4898,0
4902,1
5990,6
67,11
99,3
115,8
627,0
631,7
2807,1
24,12
4376,0
5464,0
5468,2
5470,0
5598,3
5599,0
4132,2
6196,0
6198,2
6454,7
6518,10
7542,1
7543,6
4108,10
4620,4
4622,1
4686,4
4814,7
4830,6
6878,1
6910,8
4098,1
4354,5
4355,4
4499,9
4531,9
5555,2
6067,3
6131,0
4103,7
5207,7
5335,3
1578,1
1642,4
5738,0
7786,4
7790,3
8046,8
72,9
74,9
106,3
110,6
5375,0
5887,3
4352,1
5376,7
7936,0
7937,5
8009,5
8137,8
8141,2
521,8
537,12
601,0
2649,7
2777,0
2783,3
6879,5
7135,11
2051,2
3599,2
7727,0
8063,5
156,3
412,4
5022,3
5086,1
6111,6
4864,5
6912,0
7939,1
7971,1
7979,7
8171,4
2056,4
2184,5
2248,7
2249,0
2505,0
3033,4
7129,1
2052,3
7172,2
7428,2
7556,0
7620,1
7628,0
88,5
344,4
1368,10
1499,2
2011,0
50,4
1074,6
1078,0
1206,4
3318,7
3574,2
4360,5
4872,11
6920,0
7944,7
7948,3
8012,6
4256,1
4773,0
5029,9
5037,1
8109,1
8125,10
1280,11
1296,0
1298,5
5403,3
7451,1
8091,3
5120,11
5408,0
5920,2
5921,0
5937,12
7995,10
8123,2
272,4
787,4
1947,4
2432,10
2496,0
3008,1
3010,3
3026,3
4050,1
4051,4
8147,9
4112,7
4176,0
4944,5
4976,0
4980,4
8052,1
8053,11
1288,8
1304,2
1404,1
1532,3
2044,0
35,11
4211,7
4339,2
4347,1
5371,0
7419,10
7675,0
4291,1
4323,1
5355,2
5611,1
5631,0
5156,0
5157,2
5173,4
7733,1
7989,5
7997,8
42,1
634,0
638,3
1662,1
5758,2
7934,12
4262,2
4774,0
5030,2
5038,3
7086,0
33,11
97,6
2145,0
3169,2
3187,4
3451,1
3579,2
4865,3
5889,0
5953,0
6081,1
6113,2
6115,0
2053,9
2117,0
6215,6
7511,8
7519,0
4184,6
4218,6
4862,3
174,3
1198,0
609,3
2657,3
2665,9
6761,1
6763,5
7019,0
8047,0
1633,1
1649,5
1653,0
1661,0
6013,8
4896,3
4899,3
7075,0
8163,8
3584,3
3648,1
3650,3
3794,0
3826,8
3827,2
5504,0
5520,3
5552,6
5556,1
5620,0
6132,3
6134,5
832,12
2882,8
2883,1
6979,5
7107,6
7131,1
2098,2
2102,4
2166,3
2678,1
2806,0
6902,0
6903,2
7159,1
548,0
564,11
1588,3
3636,2
3644,0
3772,5
3774,3
2064,2
2068,12
2196,3
6292,1
6332,3
6335,8
6655,3
328,11
841,1
845,6
4941,6
7021,4
4674,7
4722,0
6774,0
8054,3
192,6
466,4
498,0
2546,1
6646,1
7158,6
4240,11
4244,2
4756,2
6804,9
6812,5
7068,10
7132,4
226,7
2274,1
2278,4
2534,1
6630,9
7142,3
7166,4
4136,3
4138,8
4154,0
5178,4
5818,2
5882,3
5886,5
4353,9
4449,2
4961,0
7009,0
7011,9
7015,5
7039,11
770,3
898,0
2950,2
2951,10
3983,1
8111,1
1032,1
1096,10
1352,2
1353,3
1481,6
1995,1
8139,0
1038,1
1550,0
1678,0
1694,2
1695,5
3807,11
52,3
309,5
311,4
2359,1
6455,4
6967,1
4102,4
4870,8
4878,1
6990,2
7006,7
416,10
420,9
500,3
502,5
503,3
1527,11
1535,7
2084,8
2340,8
2404,5
2916,1
3948,2
3073,3
3077,2
3205,2
3237,1
910,1
777,9
2825,0
2957,4
2989,1
2119,4
2631,4
2767,6
4079,1
1184,12
3232,5
3296,1
3312,0
3568,1
3576,11
3578,3
4290,3
5314,0
5578,3
5610,2
168,12
184,5
248,6
760,4
2808,1
2812,3
6909,6
1552,8
1554,12
1586,2
1587,6
1595,0
5691,11
7743,2
4229,2
4741,2
4743,0
4775,0
4839,10
5863,1
7911,3
4168,1
4296,6
4300,0
6348,10
6862,0
7118,5
8143,3
290,10
4386,0
4906,10
4910,2
6974,1
7038,3
2066,0
2067,1
6195,2
6323,1
6579,2
7603,9
7607,11
80,7
208,11
209,0
4305,2
6353,0
7377,1
648,10
650,1
4746,4
6026,1
8075,3
3138,9
3139,10
3143,2
3151,6
3279,2
259,5
323,2
835,0
4931,1
5059,5
5075,3
7123,6
4488,3
5000,3
5003,0
5007,9
5071,3
388,10
452,7
5572,1
5588,8
7636,0
7646,10
21,7
149,0
213,1
469,4
501,0
1013,2
4085,4
4093,4
562,11
563,3
819,0
827,0
4923,9
417,1
1507,2
3575,1
7671,8
2147,6
6243,6
7035,3
5636,7
5708,1
5836,8
5838,4
5854,7
6110,1
528,0
656,7
5040,12
5044,6
7092,3
7093,9
4359,3
4871,4
4935,0
4951,3
5975,2
8151,2
658,1
722,1
7122,9
7130,3
131,0
4227,3
6291,4
6299,1
7355,0
2120,10
3144,4
3162,2
3163,4
3195,3
7291,8
7551,5
129,2
385,1
929,4
2977,1
2981,1
8101,3
164,1
236,1
748,4
4844,9
5100,11
7164,1
9,3
649,12
667,5
1691,3
1755,3
4105,8
4361,1
4489,0
4491,7
5099,0
5115,4
89,12
345,0
377,1
2425,1
7549,6
69,7
3141,3
7237,6
7279,3
7423,1
2088,10
6184,0
6248,1
6252,12
6508,0
6636,6
6652,1
592,0
624,6
625,8
5747,1
5755,5
112,9
636,10
4734,7
808,3
872,0
4968,3
5992,1
5996,2
8061,8
7388,5
7390,3
644,10
4740,3
4772,10
4838,2
5862,3
7910,5
7918,3
1089,11
1217,7
3269,4
3543,0
4120,7
4632,1
5656,5
5688,0
5752,3
6008,3
6010,3
8058,1
4121,12
4633,0
4697,2
4953,0
714,0
2763,5
6859,0
7883,1
7915,12
1162,2
1163,9
3211,1
3467,12
584,8
712,2
968,5
3016,3
3048,6
3049,0
3053,4
4077,1
905,0
1929,3
6025,0
6059,0
70,10
4174,1
6222,2
6254,5
6382,6
2688,10
3712,6
3728,0
3731,6
3739,0
3771,3
3775,1
3839,6
6145,3
6153,0
6665,0
6667,2
6799,3
7055,12
7071,0
628,2
766,3
767,7
2058,9
6666,9
6682,0
6714,9
6718,3
6782,0
6911,10
2754,3
3014,4
8150,2
4104,12
4648,4
4664,0
4666,3
1093,4
1357,7
1359,4
5455,1
20,11
28,9
29,12
2589,8
2685,3
6781,10
6783,3
4824,3
4826,2
4827,0
6875,0
7899,7
6656,0
6668,0
7692,5
8028,5
8029,1
6274,0
6290,5
7378,0
76,2
588,4
604,0
4828,2
4829,7
6877,6
4356,8
4876,4
4909,2
7023,5
4144,4
4146,0
6194,6
6707,3
7099,10
1312,6
3872,1
4002,0
8098,7
8099,0
8103,1
2624,9
2626,10
2642,6
2770,10
7126,1
1545,8
1817,2
1849,5
3897,8
3901,6
580,8
1628,0
3677,0
3709,12
261,9
773,1
805,0
933,9
997,6
2023,0
4071,2
1028,3
3076,4
3332,7
8004,6
8014,1
8062,7
137,7
169,11
425,4
4521,3
4525,6
6573,0
6591,4
578,7
582,6
1606,7
1766,8
2022,0
4086,6
1036,10
3084,4
3340,2
7500,2
7532,4
7660,5
7661,5
7663,6
2564,3
2596,9
3620,2
3748,3
3757,1
3821,1
4288,2
4292,3
5348,0
5356,1
7420,11
144,8
146,2
915,3
919,3
5015,0
5047,3
1848,0
1912,1
1915,2
1919,4
5124,7
5140,7
5396,9
5398,6
5430,3
5559,3
3080,3
3082,4
3114,8
3118,7
3182,4
3694,2
7806,2
1042,9
5242,3
5498,0
2498,3
6594,0
7138,8
8178,0
101,7
109,2
1133,12
3183,0
3199,4
3455,1
590,4
2638,3
2654,2
532,6
572,0
2684,7
2686,1
2687,9
6147,9
7427,3
7431,2
7567,3
5380,1
7445,0
7453,11
7455,7
7487,2
2144,2
2160,12
2416,7
2420,7
2421,0
2085,11
3109,5
7215,0
7231,4
1088,7
3778,2
3782,1
3799,3
1736,0
5832,3
5833,7
5851,4
148,5
182,3
4278,4
4342,1
6391,7
1538,7
1666,3
1682,8
1683,6
211,9
4307,0
7,4
1031,0
1111,6
1119,3
1247,0
3585,10
3713,10
7809,7
7841,1
1029,8
3085,8
3117,9
7213,4
7229,4
7485,1
2691,1
2727,11
2735,0
6831,1
260,7
268,1
2316,0
2828,1
2844,5
2908,7
2940,1
454,3
4550,7
6639,0
561,6
1843,5
3891,4
3955,7
4362,2
4366,2
4383,5
6431,5
6943,1
5648,0
5652,1
5653,7
5909,2
5941,4
6069,7
6077,3
5137,11
5139,10
7187,5
7703,6
7767,2
2112,8
2114,12
3171,4
3191,6
3447,7
133,0
453,3
461,5
463,0
1487,2
1999,2
5792,7
5793,4
5809,3
6065,3
6129,3
4490,4
4506,5
6554,1
7578,1
7642,7
7643,10
2272,2
2528,4
2532,6
3044,10
7148,4
3608,0
3704,12
3708,11
4160,1
4192,12
4208,5
4210,7
5874,3
5879,0
2178,12
3202,6
3203,2
3215,7
3247,6
3503,9
1344,3
5977,8
5981,3
896,9
904,2
972,3
1996,1
2012,0
2013,2
2045,2
3593,2
3609,1
3737,4
3993,4
4091,1
4106,7
4110,7
7246,0
7278,5
7406,5
3649,3
3665,2
7769,1
7775,2
5634,3
5638,0
5670,7
7718,5
7726,3
1612,8
1660,4
1917,6
2693,1
2799,10
2815,3
2118,0
2374,2
2375,0
2383,0
2399,1
2911,8
180,6
181,1
437,4
1041,9
1105,8
1137,4
1139,7
5235,3
7795,8
7803,3
1444,1
1957,3
1965,3
4013,0
2065,1
6673,2
6677,5
6679,4
6839,3
2080,8
2336,0
2468,3
2484,3
2492,6
2558,3
2668,0
6892,6
6908,3
1249,9
1253,3
1255,10
1279,0
2440,12
2472,4
2984,1
2985,2
776,3
2888,5
3020,0
4076,4
2629,9
2885,8
2917,2
2919,0
2927,3
3951,9
6548,1
8086,8
2306,4
2818,1
2898,3
3922,9
8146,1
8154,3
4109,4
6157,5
6669,1
138,6
1998,4
2015,8
1030,10
5126,11
5134,1
5262,6
5278,0
5279,2
5535,3
5567,2
3104,6
3360,2
3424,0
3434,3
3946,4
3962,4
4090,12
1046,5
1559,4
3607,2
3767,0
7863,1
82,2
2386,2
2394,1
2907,4
3039,2
5130,3
5386,3
5390,2
5519,4
5583,7
4657,5
7985,2
8113,2
8115,0
434,4
438,6
1526,0
1534,2
7298,6
7299,8
7307,3
7339,0
7343,1
7855,1
4233,7
4313,1
4315,10
5339,1
5184,6
7360,0
7872,2
7874,2
2317,2
2445,0
2461,10
2525,5
3037,3
2116,11
2148,7
2164,0
3190,0
3959,5
546,0
802,4
1826,5
2018,5
4066,5
4067,2
85,10
1109,3
1117,9
1629,8
3967,4
4226,0
4298,2
4554,1
4570,0
5595,0
2128,5
2288,0
3313,6
7409,7
424,0
488,3
2538,8
2554,3
5256,4
7304,1
7816,0
7848,2
3458,3
3490,5
3494,4
3558,5
4078,5
480,9
5088,3
7136,6
7146,7
2592,12
2600,0
2602,9
2667,0
2795,0
3051,7
3067,1
2072,12
2584,1
6681,3
6683,5
6843,0
6907,4
322,1
1362,2
1363,1
5467,5
5471,9
581,5
709,0
717,0
1741,5
1997,2
2031,3
5513,6
6029,0
6045,0
8093,5
4134,6
4150,11
4151,0
4407,3
336,2
1360,5
4058,1
5132,10
5148,0
7260,0
7292,1
7550,6
1684,6
1940,5
6036,3
8084,1
84,3
116,1
117,6
629,2
1909,7
3965,6
4194,5
4346,6
5370,8
3592,3
3594,2
3598,0
7694,1
7822,2
15,0
31,7
159,0
671,5
927,1
1951,2
275,0
435,4
439,5
2999,4
2470,1
6566,4
6574,10
6575,0
7599,5
3600,12
3634,0
3698,2
4082,1
6536,1
8072,4
8074,0
8107,1
741,1
749,2
765,0
4861,0
1824,10
1953,11
4001,1
4003,9
7680,2
7696,6
7952,2
8082,2
8090,9
8126,6
552,5
568,0
569,0
2617,4
2745,9
3769,1
7865,3
1570,4
1574,5
1590,4
1598,3
3646,8
7998,6
73,3
201,5
233,3
2281,6
2793,1
8169,2
1106,5
5202,1
5714,4
5718,10
6142,5
1121,2
1147,7
7931,1
5094,8
7143,0
113,4
4215,8
4727,8
5111,9
6135,0
704,10
720,5
728,10
984,4
988,2
5116,4
196,11
228,0
244,4
756,4
8188,3
6160,4
6288,2
6544,0
6610,4
6642,1
6643,5
784,3
5904,7
5968,0
8056,4
54,1
566,7
694,12
2742,2
7862,6
280,9
284,8
286,0
350,4
1886,0
3934,3
2348,4
2412,1
2428,1
2430,10
2559,8
4152,3
4408,8
4412,1
4413,2
4925,0
4989,7
6386,3
7922,5
7930,0
4608,12
4616,12
6664,9
8040,4
8045,1
6296,0
6552,10
6556,5
6557,4
6689,11
6697,5
6953,0
7145,0
5133,4
5261,0
5517,4
294,0
806,11
934,4
951,2
2185,3
2265,4
3805,6
3837,5
4172,0
4302,3
4303,7
4319,1
6367,1
7391,10
2344,8
2346,4
6442,1
6446,1
6590,2
804,8
4900,0
4916,1
5108,3
5110,11
3266,7
3298,1
3314,1
7411,0
7923,5
1700,3
1974,3
1982,3
6078,1
594,2
4946,12
4978,5
5114,0
7162,0
8186,10
2320,0
2352,11
2360,5
6456,3
6457,0
6459,7
7483,2
7424,0
7568,0
7600,0
7608,0
7610,9
801,3
817,1
821,3
887,1
6240,7
7265,1
7273,1
7529,8
7657,1
672,10
674,7
675,1
683,2
1723,1
1787,5
1346,2
1354,5
1355,4
1387,0
1403,2
6011,0
283,4
2331,2
3867,0
3995,0
3999,5
774,0
838,2
2886,3
2887,1
3015,6
4039,1
4055,6
324,5
1348,9
1356,6
1868,5
4092,0
224,3
6377,6
7417,0
7421,0
1358,2
5487,0
5615,5
2081,6
2083,1
2151,0
6255,12
5442,2
5986,7
5994,8
5995,9
2188,6
2204,7
7324,0
7612,2
2054,1
3238,5
3254,3
3518,5
321,11
4417,4
4545,8
4561,9
5585,1
4552,0
6618,1
6622,0
2569,6
3853,0
8013,1
8015,12
4148,3
4149,9
1336,1
1400,1
3448,6
3577,1
5331,1
5587,11
596,9
724,8
2772,5
2773,0
3029,9
7125,10
8149,8
790,4
4886,0
5078,11
141,2
2189,3
3277,0
3533,6
3549,5
4061,1
692,5
2740,0
6836,6
6837,7
3217,3
3225,2
3481,2
3485,2
4063,3
1248,3
5344,5
5345,0
7665,1
8179,11
682,1
938,1
4026,5
170,4
186,0
190,8
702,1
703,7
959,0
1023,2
346,12
347,6
4475,12
81,3
2129,0
2641,7
6993,1
4387,6
6947,1
6959,6
49,1
305,5
2353,2
6449,1
6513,3
6641,3
6649,1
6651,0
5224,5
5480,5
8172,1
5393,1
5427,2
5939,7
6003,6
3204,0
3460,4
3972,2
8133,5
1408,3
1440,7
1456,0
1460,3
1972,7
6070,7
330,0
5450,0
5579,2
6107,4
6944,1
7968,1
7969,0
7987,6
1204,9
1205,8
1207,2
5303,1
5311,0
5823,10
1035,5
1051,5
1179,0
6712,9
7032,3
7033,2
8057,10
120,2
2168,3
2296,0
6904,0
7682,10
7686,4
7695,2
2242,3
3810,6
5878,0
6210,9
6214,6
7238,9
7622,7
7623,0
7631,0
1888,7
1904,12
2036,3
2038,1
2039,7
3329,4
3841,5
3873,3
3937,0
3945,4
4073,9
8185,8
1548,7
1804,0
6012,6
6244,0
6372,0
6884,1
7908,4
7924,0
1154,0
1155,3
1171,0
1427,1
1491,2
6176,1
6180,11
6452,4
6965,11
4617,5
4873,9
4937,3
4985,0
1377,3
1381,3
1397,0
1399,9
816,0
1840,1
3952,0
3956,0
5128,12
5384,4
5400,0
5402,5
5406,0
5503,9
4618,1
4874,9
4890,2
6938,6
7962,5
2074,0
2586,5
2590,0
6686,3
6750,3
676,0
2466,0
2474,0
8110,11
1555,9
1847,2
5943,1
6071,4
5632,9
5888,2
5922,0
6122,6
545,3
1571,6
1635,4
7779,1
7791,2
2132,4
2260,4
2262,0
2263,1
2376,7
2377,3
2889,3
2905,4
7001,6
5952,2
5984,2
6112,3
6120,9
6136,0
6137,6
2179,2
2295,3
1608,6
1610,10
1614,9
3662,3
3791,9
7887,0
145,0
151,6
407,0
3487,7
3519,0
4737,4
4739,0
4755,5
4763,3
7067,2
6685,5
7709,6
7837,6
7839,1
6148,8
6788,2
6805,6
6869,8
4248,3
6616,1
6648,0
7672,0
5367,9
7456,2
7472,0
7536,6
7544,7
265,7
399,1
431,2
2479,3
4015,3
46,4
1070,0
1710,2
5806,2
5822,1
409,6
441,3
445,5
4541,8
5565,4
4646,4
4647,6
4783,9
161,1
2021,2
2029,2
1090,4
1098,5
1130,0
1131,3
7531,6
7535,9
4099,4
6155,6
7179,2
7691,3
7460,3
7972,3
7974,4
7983,1
2082,10
2146,3
6251,1
6767,4
5322,4
5626,8
7716,12
7868,0
536,4
2840,2
2842,6
389,0
2501,4
6597,6
6637,8
92,0
93,6
95,6
1503,6
6178,3
6762,5
7955,6
8083,0
8087,1
2563,7
3587,1
7819,8
7272,0
7784,0
7785,0
608,1
2656,5
2672,1
6768,2
6772,1
1232,3
1744,8
1746,4
1750,6
19,1
531,0
4627,5
6675,7
6935,0
3099,3
3355,2
3931,3
7258,0
7259,4
7263,0
6736,3
6992,3
6996,0
7030,5
1905,1
1907,3
1911,2
6007,1
71,10
2255,3
1558,0
1566,7
1630,3
1631,1
5727,1
5983,12
3088,3
3089,10
7869,1
2253,4
6351,1
6863,7
7119,5
1616,10
1617,3
5713,1
8017,3
8153,5
642,3
4770,3
4834,5
4846,6
5118,5
680,1
936,0
7080,1
7144,1
7161,0
364,9
2429,7
2557,0
1832,11
1960,7
6056,6
6060,4
912,4
5008,1
6040,0
6072,7
6073,12
4624,3
5777,1
5781,2
5789,3
6109,0
5766,3
6023,0
3464,1
3468,2
3501,11
118,4
374,2
4599,3
6647,0
1104,1
5458,2
5466,2
515,0
547,0
5667,0
5923,3
7975,1
1850,3
5950,4
3124,12
7220,3
7228,0
7484,0
2090,0
2091,6
2235,3
2555,7
4358,5
5414,1
5926,3
5942,4
7990,0
736,11
1012,4
1021,9
4613,9
5797,6
57,0
121,2
379,1
2427,0
6523,6
2122,12
2378,3
2890,3
2894,7
2895,4
292,3
1380,1
5476,8
5484,10
5486,3
5655,1
7831,0
5146,3
5210,5
7262,3
7774,3
276,10
308,0
4468,2
6516,4
6524,4
2133,11
2165,3
6261,2
6263,0
400,7
2448,3
3024,10
3028,6
7124,0
853,0
4949,4
5077,5
6101,1
6103,0
2720,3
2728,2
2792,2
6407,7
6503,3
2194,2
2198,0
2518,6
3542,7
1120,4
1376,0
1384,5
5482,0
5483,6
6015,12
2096,7
3640,5
3896,7
4070,0
2123,1
2155,3
2171,0
6267,2
6271,6
7295,3
2127,3
3407,9
3535,5
4156,3
4284,1
518,4
519,0
4759,3
6807,8
7127,1
481,0
2529,4
3569,1
4081,2
5472,1
5473,0
5477,4
5493,6
2152,6
6264,6
6776,1
7800,5
7932,7
4704,2
4832,4
4848,10
4856,6
4858,0
3216,2
3280,2
3828,9
3829,0
2216,11
2220,4
2238,4
4030,0
2946,1
2962,0
3990,9
1284,8
1796,8
1797,6
7957,8
5760,10
5762,4
5770,0
5786,5
8155,9
108,7
111,4
7407,5
792,3
824,5
825,4
4921,9
2106,2
2234,7
7614,1
660,3
2708,0
3732,9
3733,1
3991,4
1764,0
1780,7
7169,1
7173,1
7181,5
7437,4
7565,1
7613,2
793,3
2841,1
3929,1
4037,3
4069,0
5446,2
5462,1
5463,3
227,1
2275,2
2531,1
3571,6
646,2
678,2
2734,4
3758,2
944,1
2992,4
4016,3
8112,0
4236,1
4268,8
4270,1
4286,1
6192,7
6322,1
6578,3
2434,7
2435,1
6531,5
6547,4
6551,2
6623,5
3352,3
3354,0
7450,4
7454,4
7486,1
3876,2
7973,0
472,2
2040,0
4094,4
8000,0
8008,0
8136,4
8140,1
6485,0
6517,2
6519,11
1652,5
1654,1
5750,2
2694,1
2758,1
3790,6
3822,0
3838,0
4418,9
4947,7
6149,1
6165,1
6229,3
7765,4
7797,3
6645,1
1689,1
5528,0
5560,7
7611,3
3425,0
7525,2
7533,2
4544,2
4576,9
6624,2
7648,3
7656,5
8173,0
1049,10
3097,9
7199,0
6785,2
7873,3
2697,8
2701,2
2959,2
4614,3
5014,2
7426,0
7491,6
7507,4
289,12
297,0
429,4
4527,9
6063,4
4153,1
4281,9
4345,2
4857,5
5696,11
5704,5
3136,3
3267,6
3779,2
3795,7
4357,5
4485,0
4997,6
5061,2
5085,4
5117,0
4228,0
5260,4
5324,1
7884,11
8156,0
6281,7
6313,9
6825,0
6889,5
7232,3
7235,3
7747,9
7875,0
1216,6
1224,4
1225,10
1737,2
1793,7
1801,3
1881,2
2009,2
2041,3
1153,5
1201,0
1721,0
1977,3
304,7
432,12
2544,6
2548,4
1632,0
1648,5
1539,4
1603,8
3208,2
3228,0
3484,2
549,5
869,2
1893,3
1901,2
1903,6
1112,4
1116,5
5342,4
2097,0
2101,2
2357,1
6453,2
7477,2
7541,0
524,4
2572,7
3596,8
781,9
2829,7
2893,1
390,4
4486,0
4502,7
4682,8
4714,6
4718,2
2370,10
6487,7
338,1
342,0
862,2
1918,0
1409,5
1411,2
3459,1
3463,4
3471,5
3551,2
312,1
442,11
954,7
955,3
2820,1
6916,3
6918,4
6982,1
7014,1
402,7
5011,2
5079,3
780,9
2860,2
2862,3
3055,0
1841,5
6075,11
4272,0
4276,3
5300,5
5812,0
5821,9
6156,0
6349,8
6365,5
6621,5
354,0
2402,8
2403,0
2915,7
2923,0
2939,6
3963,1
6280,2
7308,5
7325,4
7327,3
1316,5
1324,1
1325,4
3373,0
7469,4
2130,0
2290,2
3154,1
3446,6
356,5
1383,5
1895,0
4520,5
4522,0
4586,9
6654,1
4426,9
5454,0
5614,0
6126,2
6340,2
6341,10
7365,3
7367,1
7042,5
7050,1
7115,3
4481,7
4497,2
7004,2
7036,0
7037,7
5136,11
5264,4
176,5
4789,8
2308,5
6404,6
6405,1
6469,2
7509,2
7517,6
690,4
1714,0
5810,2
5819,6
7867,2
5429,1
4912,3
7026,4
7034,10
86,1
87,11
1239,1
2913,4
3041,3
5121,8
5381,0
5389,5
5551,2
4400,0
4401,1
5425,10
5491,2
5619,3
5627,2
3457,1
3969,11
4033,1
8129,4
4252,2
6589,2
6653,1
2499,4
6595,7
7639,2
6593,8
6609,5
7121,3
4448,12
4465,4
4977,0
6133,0
673,6
2721,5
6817,0
6819,0
6883,1
2949,4
2965,3
2973,1
4416,4
5586,1
7634,4
7635,6
4868,4
4869,1
4973,5
5101,6
401,5
2457,11
7645,1
645,2
5765,5
6021,1
450,3
2002,1
2010,2
6333,4
6397,10
2192,4
3730,8
6152,0
7466,3
7530,1
7658,8
5024,1
5032,5
5048,0
5112,2
840,9
857,4
859,0
987,1
1416,8
1448,0
5544,2
5549,2
2162,2
5312,5
5316,3
5604,4
8164,2
2322,4
3346,2
3858,2
3866,11
3994,0
1556,3
3604,2
7700,2
7702,9
7710,5
6830,9
7854,0
6696,1
6700,0
6957,2
6973,6
6975,2
444,1
446,3
3006,1
7940,12
8132,3
8134,4
396,9
2444,4
8092,6
4423,1
4455,0
4463,0
1156,2
1157,1
1189,5
3751,1
3815,0
550,7
630,7
6775,11
5530,10
1310,0
433,3
499,2
1011,1
1050,3
7194,1
7226,6
7354,0
7359,7
1584,6
3632,12
3768,3
3833,3
3835,1
4388,10
4390,0
5935,3
8033,2
4230,2
7334,0
7590,0
4820,3
4860,5
2055,0
6151,1
7175,7
7439,4
7583,0
7647,1
708,0
4804,5
6868,8
4122,0
5179,2
5243,2
5776,5
5840,7
7888,6
7890,2
147,1
7546,3
2368,0
2410,6
8043,2
100,1
6277,2
6285,2
6287,0
7311,6
1282,6
1378,6
1382,3
1894,1
4057,6
1674,6
1706,8
4010,0
8122,2
1618,3
5722,12
5726,2
1220,0
1732,9
1989,0
6117,3
6978,9
7106,5
8162,0
4650,3
4778,3
5802,0
5866,1
5867,0
2417,0
2431,8
4836,1
5092,1
2827,1
2971,0
2630,1
3655,6
98,0
6242,0
6754,6
6755,7
8039,1
56,1
316,3
380,5
382,2
4478,5
7734,0
725,9
733,2
1757,0
1789,1
4692,1
4822,9
6337,1
7889,0
4513,2
4515,4
4519,1
4535,1
622,1
750,6
5102,2
1193,10
1195,10
1963,1
4747,2
5771,1
5835,7
6320,0
6324,3
6580,3
6582,1
706,0
1730,4
1762,1
5068,4
6108,5
2330,4
3386,5
2702,9
2782,0
1286,11
1302,0
7510,0
7518,0
1073,6
3185,4
3315,1
3323,5
4999,12
6334,10
1605,2
1639,7
3687,5
4676,2
4805,0
6853,7
7877,12
8085,0
470,3
2551,1
4231,5
4247,0
4767,3
5170,2
7282,6
7794,0
7399,1
7415,0
4145,2
6197,0
6709,4
7861,3
8117,1
1188,0
1268,5
3316,1
1136,5
849,4
985,1
2664,3
3688,2
3689,0
3693,1
4178,6
4434,7
4562,3
2057,7
2073,11
2585,2
6971,8
2816,2
2817,3
2849,2
2979,1
2983,1
4287,0
4543,2
4607,5
2350,0
2351,3
2991,4
2312,4
6472,0
7016,4
7017,1
4170,4
4171,3
4187,1
4191,0
4223,0
4863,0
1424,0
1426,10
1466,2
177,5
4273,9
4791,4
7095,0
4626,3
4634,0
4762,3
2104,1
2488,7
2489,7
2553,7
2150,9
2406,0
2407,1
2337,6
2401,5
6499,2
4182,1
6743,6
6164,1
6676,0
7732,1
343,1
375,2
4983,2
1064,0
1065,4
1449,9
1453,10
6061,1
6125,2
1168,4
1200,0
1266,2
1270,0
1271,2
1091,6
1143,9
1151,3
4139,2
4395,1
5419,7
5931,0
5138,2
5906,7
5970,2
6002,6
6014,4
2076,4
2332,4
2396,2
3420,3
949,8
5045,6
358,3
383,3
1102,0
1118,2
5982,0
526,2
3742,4
6410,0
6922,2
7066,1
1180,4
5276,2
7580,2
4680,0
4712,10
5736,6
5740,0
5998,3
1301,0
3349,1
7575,3
485,3
493,2
1517,7
2256,10
2768,5
6864,4
6896,3
6898,3
6906,7
2092,7
7356,4
7357,10
2105,1
2109,8
6205,0
6399,2
529,9
533,9
789,2
2837,11
3861,0
3893,3
5422,6
5934,10
5999,5
6257,2
7434,1
7562,6
8078,6
2225,7
6321,1
7345,0
6961,1
7097,6
5697,3
5705,3
6089,0
6093,4
3224,6
3226,1
3482,2
6318,2
2609,3
2739,5
2121,2
2125,5
3181,2
440,0
2493,1
4029,1
6317,2
2628,5
2660,1
6758,8
47,4
2095,1
2111,10
4320,4
5860,3
5861,2
7909,0
7917,11
523,8
4651,0
4779,1
5039,1
5055,5
1800,11
2024,2
6124,0
7674,7
2134,3
2142,0
2143,0
6495,1
2910,2
1414,4
6054,2
6657,5
6659,2
6787,0
6803,1
6867,2
2087,5
2103,2
7223,2
4736,3
7047,4
7063,4
2616,4
6778,0
6779,0
1920,10
6016,0
6057,11
718,11
2798,10
44,9
172,8
4524,6
200,1
2252,5
3276,1
7629,7
7946,7
7947,1
7963,2
4140,7
6188,7
4782,4
4584,1
1080,1
5177,2
5183,0
2115,0
3147,4
4064,1
4068,3
1544,11
3849,6
3865,0
3869,6
273,12
413,7
2384,4
6481,1
7155,5
1890,6
3938,6
8050,5
1320,11
1322,9
5546,9
5562,0
5563,3
6282,2
6283,3
6347,4
6379,4
2070,5
2582,7
2838,1
2870,0
6966,0
2944,3
2948,4
3012,5
3021,8
2094,0
6190,2
1160,9
1930,3
1994,4
4042,4
4130,4
5154,12
5158,1
5222,6
5478,1
5494,2
5622,1
1128,1
5496,0
5500,0
7676,0
782,1
2830,10
3854,0
7950,2
848,0
880,8
2928,1
2936,0
3960,2
3413,6
3541,3
651,7
7184,0
7444,9
7956,0
7988,4
4555,3
7627,1
7659,1
6729,9
6985,3
8011,4
2321,3
2323,7
2355,1
2483,4
2547,1
527,7
6671,6
6927,4
7328,2
7856,1
368,9
4466,8
210,2
1495,5
4116,2
4246,3
6294,2
6806,10
6814,9
7838,2
105,2
4201,1
4329,10
4841,3
6181,3
6437,1
7077,4
7157,7
1872,2
5971,3
78,6
206,3
1742,9
1758,2
3806,2
7902,9
6555,3
1836,0
5951,0
3680,0
3682,6
3686,1
3814,8
538,0
6811,3
6470,10
6486,4
4216,2
6268,3
6270,1
3664,9
3801,4
4368,6
4880,3
4888,3
1790,2
2785,1
3819,0
7236,2
7364,2
7366,9
7398,3
7654,0
7662,3
4263,3
6311,3
6327,2
6720,0
6724,4
6726,9
6735,3
5666,1
5674,1
5930,0
5794,3
5795,1
7843,2
7859,2
7808,0
7844,0
6276,2
6596,2
6644,0
3753,11
3817,1
4089,2
5650,2
5715,10
195,10
199,0
711,6
719,3
735,0
4831,4
1718,2
1726,2
1305,4
1318,5
1830,0
6055,5
6954,0
7018,2
5901,9
5933,12
2706,2
2994,2
7154,3
103,1
2167,5
6527,1
4816,4
4850,3
353,4
369,1
373,1
6525,2
4188,7
4444,0
6492,1
6620,0
1860,3
5957,2
5959,0
6095,5
1033,2
1081,5
1593,10
150,1
254,1
1791,2
4378,4
4379,3
6427,8
1592,7
1656,2
404,4
414,3
2462,0
2526,5
4742,2
4806,0
5062,2
2345,1
2361,7
3385,4
7545,10
6698,0
6699,0
6715,3
4768,0
6882,4
7906,1
7907,4
6416,7
6420,10
6484,6
6494,5
7186,0
7538,1
4264,10
4285,0
5053,0
4696,4
6744,4
6873,2
6662,0
6790,9
6791,1
2190,1
2191,9
2447,11
6928,9
6929,0
7953,3
598,4
3711,8
6179,4
6691,8
6891,1
4312,6
4314,2
632,2
888,3
4088,1
4213,1
5237,0
5365,11
1052,3
1564,1
1884,2
1885,1
1887,0
4392,0
4536,6
4537,5
5561,4
7673,0
362,8
378,6
1402,5
4419,1
4427,8
4943,3
7007,2
1874,2
1878,1
1910,0
1328,3
3508,1
4028,4
1252,9
3300,9
3308,10
3564,7
3580,1
1170,7
3282,6
3538,2
4054,1
5330,3
5362,7
5618,0
3977,8
3979,3
5475,1
7523,3
4385,7
4897,0
4901,0
6949,0
1100,12
1132,9
1135,2
1391,4
1519,4
1092,9
1124,7
3173,0
7269,9
6284,0
6829,6
7085,3
7101,0
7744,0
8001,1
337,1
2549,1
1708,3
3756,4
4012,2
408,3
4508,11
4604,4
6249,1
6635,0
1776,1
5872,6
4131,12
6695,4
6703,0
1761,3
1769,8
5885,11
1226,0
1482,0
2341,8
2853,5
2861,0
3885,5
3949,1
4904,0
4984,1
2061,9
6605,0
6607,4
3113,8
3115,5
3131,5
4238,0
6302,2
6558,1
7582,1
7731,0
5633,0
3286,6
329,4
4425,0
6473,3
6505,6
6507,9
3145,4
3401,0
3417,9
4195,7
5363,1
740,2
742,2
1775,12
4681,2
4809,1
4825,3
7897,8
7929,3
3610,1
3642,1
3898,11
7994,2
4800,6
5824,0
5826,0
5842,7
5843,0
5875,1
2310,0
2438,3
3982,0
4046,0
340,1
4436,1
5460,8
7668,6
3058,3
7745,1
7763,6
3697,8
3699,1
1349,10
5445,11
5447,0
5575,0
6186,1
7210,2
7211,2
7467,3
842,11
1866,3
1898,7
1899,6
2027,1
2043,6
7826,1
1145,0
1657,0
852,0
2900,5
4052,3
3328,12
3393,0
3403,1
4235,2
4507,8
3803,0
3112,0
3368,7
3370,11
3371,9
2618,2
2874,0
2342,0
2478,4
2819,3
6915,2
8131,8
6981,11
8005,7
4948,4
5972,5
5974,6
525,10
541,0
1565,5
1597,0
5695,9
7698,2
7699,3
5590,8
1161,0
1673,2
3721,0
3725,1
3773,1
4808,3
4810,3
4842,9
4843,8
4859,3
4369,1
5405,0
5407,2
5919,2
4883,0
4915,6
4987,0
122,5
3450,0
1576,2
1577,7
5801,2
5803,3
3338,12
3342,2
3374,2
7470,5
3602,11
3635,11
3643,0
3899,1
1450,8
3498,7
5796,4
7846,0
185,7
189,3
253,2
255,0
4351,0
7724,6
269,0
1933,6
1935,2
2369,0
2373,2
2405,2
2533,3
2535,0
809,10
4905,6
5033,8
471,5
6532,2
6534,2
6598,5
7110,6
1256,0
2025,1
6121,3
614,11
1027,4
1547,5
1803,6
1867,0
1076,9
1589,4
1717,8
3722,1
3755,4
4011,0
203,3
4299,7
6363,2
6395,6
1186,0
1194,0
3242,1
8106,6
8170,1
4450,3
5474,8
1611,0
5707,2
5839,0
5855,0
1165,8
1677,5
5773,2
5226,3
5230,2
556,12
574,3
2878,11
4269,0
5510,6
5574,4
6102,3
5026,12
5042,0
5043,3
5107,6
5160,0
5288,0
5289,4
5293,7
5805,8
3158,0
7254,5
7286,9
7670,8
3537,5
4049,8
2200,0
2716,3
2780,3
2814,1
785,0
2891,0
2186,1
3210,3
3274,0
3275,0
7371,0
6225,6
6227,2
6751,3
1113,2
1625,1
5721,1
3233,5
1944,2
1976,0
6076,2
6796,2
7052,0
8076,1
868,4
870,2
998,2
1014,6
1022,6
1541,4
3877,1
3887,9
3856,0
3920,1
8016,2
2666,2
2682,2
7802,3
3840,4
3968,0
3976,1
3992,1
597,5
607,4
5084,12
5125,0
5253,1
7301,11
7333,3
1283,6
1415,0
5511,9
5543,12
3848,1
7977,0
5928,8
27,3
4123,2
4891,0
4959,11
540,3
668,1
670,1
3743,0
1063,3
1079,0
3127,4
7202,0
7338,0
7402,0
4275,3
5299,3
4062,12
3619,3
7723,2
2254,1
1392,4
5499,0
5127,6
5383,4
5391,2
360,1
361,1
363,8
5644,0
8108,5
7244,1
1697,7
1971,1
4177,5
4179,8
4695,1
1401,2
1405,3
5501,2
6471,10
6991,5
710,6
836,1
4934,8
4942,2
4974,4
4990,1
4991,1
2504,12
6316,5
6828,4
7084,9
449,2
451,2
455,7
967,0
1991,1
3168,1
3170,1
7798,3
197,12
1005,2
1007,7
2107,0
2619,7
2623,7
5320,0
5321,0
6091,3
517,12
663,2
2711,1
2743,3
5761,4
4615,2
4911,0
4483,5
3792,1
7921,7
41,3
5353,6
7403,5
1794,11
1802,1
1818,10
1883,0
4297,9
4317,2
5341,0
5597,0
2250,11
6346,0
6378,1
7372,2
7900,3
436,10
7156,4
2354,4
2362,10
823,5
831,2
1097,6
1659,4
3101,2
7197,3
2324,8
2388,2
3924,0
8020,4
2418,7
2419,5
3443,1
6211,0
26,2
7104,4
2314,4
2458,0
2490,0
2372,0
3023,3
812,5
940,2
2988,11
1314,3
3426,4
8034,3
8038,0
205,5
4114,9
6162,12
6166,8
6422,5
326,4
188,1
3262,0
7358,3
2371,4
2379,0
2395,1
4242,2
4274,6
4282,7
5310,6
3074,12
7314,2
7322,8
7386,2
5479,1
5623,0
6933,0
8021,2
4161,8
4163,12
5187,2
5195,6
5227,6
6123,0
1292,8
1294,10
5902,0
6030,4
6046,1
1480,1
1484,0
1044,0
1108,5
1140,6
3188,8
3198,7
2644,0
6740,3
6742,7
1202,10
3250,10
4920,5
6970,0
2552,0
3064,10
2137,3
2681,7
3705,0
4420,7
4446,4
1834,1
3966,2
235,2
251,5
3926,0
1856,1
1892,2
1908,10
3957,0
7348,1
7604,4
7606,7
7512,1
3078,0
3079,4
7191,0
7447,4
1624,2
1626,3
3674,1
5153,7
5221,1
5231,3
3506,0
3510,0
615,0
5266,1
5523,1
4199,5
5223,2
282,8
351,8
1375,4
5250,4
5323,0
5654,2
5662,0
5663,10
5791,2
5757,11
2078,4
6174,1
1861,1
2008,3
2604,3
3628,2
3884,9
58,5
59,11
7547,4
4124,3
5150,2
5182,11
355,2
359,7
5433,0
7481,2
6216,1
6344,2
6362,1
6394,4
833,1
2881,3
6977,7
1831,0
4708,2
2328,0
2904,8
3032,2
3038,2
6336,1
6352,7
6356,5
3081,5
3641,4
5512,3
5529,4
4117,1
4437,3
4469,6
966,0
3474,0
7571,3
4998,3
1441,4
1457,6
1465,8
2873,1
2877,9
2941,5
1327,0
1839,2
5966,4
7241,2
8041,3
1412,0
1446,11
1958,6
1966,3
3285,5
3293,3
3325,5
1696,6
1699,1
7569,0
8081,0
4204,5
4206,6
4591,1
6800,0
6901,6
2634,0
2766,5
775,2
5993,4
4852,10
1665,8
1937,3
1945,1
4684,4
4972,2
1781,0
1783,5
856,3
860,12
3075,1
3091,2
3095,6
7287,0
6306,2
6310,0
193,1
1993,1
5608,0
5624,3
5628,6
6140,1
4963,5
474,6
4602,8
1680,1
1936,5
1707,2
1711,3
1967,3
2161,6
2169,7
2937,0
5759,5
1101,2
3149,0
139,5
1167,5
2652,7
2653,2
6749,0
3706,5
3710,8
293,7
295,3
3383,2
1542,6
3606,4
7830,0
7870,2
2714,8
2750,2
4197,0
4221,1
4349,10
104,3
7787,0
1326,0
1342,0
3902,0
2696,6
7112,0
5190,0
5702,10
5958,1
6086,0
6087,2
4823,4
4855,4
230,7
758,1
1782,0
2661,1
6757,1
6090,6
2704,2
2776,0
1925,3
6053,2
6119,0
333,6
335,0
3110,5
3174,0
3175,2
2464,9
6564,2
6565,3
7589,1
7653,3
7758,9
1485,6
1045,4
5205,2
5333,6
5845,0
7984,5
4932,2
4940,0
6450,0
6458,2
7098,0
3702,3
2400,1
2912,1
3040,3
2298,6
2302,0
3326,1
1062,8
5159,2
7207,1
7271,0
7527,0
3878,5
2593,2
2865,1
7089,0
6984,0
7000,0
6627,0
2222,1
2223,6
2303,3
815,3
3086,5
3726,5
3998,9
135,4
143,0
655,5
3714,5
3970,0
3987,2
3981,5
1410,3
820,0
2868,3
3060,8
2311,4
3335,0
8007,6
5917,11
5280,0
5281,4
5285,2
7397,1
797,0
4957,11
3234,6
4018,1
5728,0
8048,7
5268,10
5308,7
5564,9
2136,1
2424,7
3964,7
3106,9
3362,7
3874,1
4006,4
4007,2
4929,0
6995,5
6402,12
5524,9
5526,10
5534,5
2576,9
2620,1
2621,3
2813,6
3093,6
7189,11
7253,5
7893,2
5392,11
7440,4
5162,1
5290,6
5070,0
6094,4
587,2
619,5
1003,1
1019,1
5216,2
5218,2
5734,12
1293,6
1421,4
1172,2
5884,2
5328,2
5340,0
5596,9
6914,9
6919,4
6951,3
7079,0
7912,2
7913,2
6723,1
6739,3
958,3
5054,0
807,3
4938,1
4954,0
4955,1
7003,7
3140,6
3268,0
4036,0
4044,0
4060,5
3209,4
7305,5
4157,4
3351,0
3511,0
483,6
487,6
2543,2
2833,12
2835,10
2867,1
4019,6
3483,8
60,8
62,8
126,0
1150,1
5502,0
3888,8
5382,2
7438,0
6421,0
6429,4
426,3
427,1
4523,2
2713,4
6809,5
240,1
1008,4
3056,6
7152,7
4564,4
6100,0
7113,0
8066,6
8067,7
5807,0
7204,3
7476,3
4125,1
6173,2
6717,6
1094,2
1638,4
1602,8
1862,3
5219,0
5603,1
5607,9
7736,1
7738,3
7739,1
3727,1
3759,3
6167,3
220,3
4316,7
4350,3
4606,1
7458,5
6756,6
7782,2
6876,1
713,1
761,5
1017,5
2580,0
2998,6
3062,1
2163,9
6259,0
7283,0
7539,2
4786,3
4790,9
5046,2
421,8
4517,4
6567,2
6631,9
4691,1
5570,2
7655,8
7970,6
4294,0
4310,0
616,8
4716,5
600,7
788,0
5012,7
7425,9
7553,4
8065,2
8073,3
2442,4
3547,3
4370,1
4882,0
6066,1
6074,0
2636,5
2892,4
3916,0
3917,3
5412,4
7462,5
1141,8
6005,0
3102,8
3358,2
232,0
504,2
3936,5
5813,6
5815,6
1251,1
4254,6
6303,1
1496,4
1528,5
1985,3
891,0
53,3
55,1
1308,8
1340,5
1852,7
1916,7
3405,1
7501,7
77,10
4173,6
4813,2
7461,2
318,0
2367,6
2495,7
585,0
4683,3
4811,11
4258,12
4514,0
7276,0
6406,2
7046,1
8070,2
8094,4
1634,5
5730,1
5754,11
4381,4
5437,6
3679,8
6158,2
6670,2
3736,1
3800,8
3802,0
3150,5
7094,4
2347,1
5569,0
8077,4
7704,5
7768,3
4133,0
4389,0
5413,0
7707,2
332,8
2942,1
2744,2
2749,4
1962,8
4014,0
5908,3
8148,1
2976,1
2978,1
2982,0
3614,10
4424,12
4936,6
5065,8
641,7
705,8
5057,5
6083,7
3684,3
37,0
45,4
61,1
4745,0
4777,0
4845,9
6893,7
1075,7
6154,5
7306,9
245,7
2301,10
3069,1
422,1
1463,1
6161,0
6295,3
410,1
2149,2
3303,7
586,1
602,0
2650,8
6746,7
7770,1
6168,2
6201,4
6163,1
2392,0
6224,0
6480,0
6482,10
7827,5
1039,4
7183,11
7247,2
5576,2
5592,2
4180,1
4142,11
4143,0
822,1
886,4
1738,2
8138,0
2692,3
3716,5
7812,0
7814,0
4137,4
4159,1
4186,6
4474,9
6424,6
7448,0
7480,3
3892,2
971,1
3019,0
3035,1
4454,0
4470,7
2578,5
6738,8
1956,4
4118,2
5142,2
5232,0
5744,11
7804,2
7805,0
2141,0
3165,6
3167,9
3423,3
3333,0
5948,6
267,0
4363,4
4367,4
4431,2
4479,4
2864,6
3900,0
341,2
863,9
2943,3
1952,2
1954,7
1970,2
2612,10
6845,1
4738,2
5027,3
5091,4
5095,0
7363,2
5905,0
6033,3
6041,0
2206,0
3231,5
398,1
430,4
1454,5
2822,4
2823,0
4881,3
4945,0
8027,1
1739,1
7195,0
7771,0
2338,1
6522,1
3870,3
7966,2
5912,0
5976,12
5978,3
1655,5
2257,8
6619,11
4689,4
4693,2
6741,3
1337,2
6009,5
2986,1
3050,1
4115,2
4243,7
7319,10
6702,0
4393,1
1924,0
6037,5
8079,11
3745,1
4017,5
6537,0
7561,4
7625,3
6048,8
8176,9
1436,3
1468,0
386,2
962,6
6082,0
8130,1
2062,6
6286,8
6798,1
6846,7
3218,0
6684,2
6438,2
7591,6
75,12
2635,1
6539,1
7563,10
7595,4
7714,1
8042,6
5188,9
5189,0
7255,1
4040,8
992,1
2658,2
6890,8
6219,1
7243,1
7275,4
5168,3
5684,7
5692,5
4402,1
4410,8
5434,4
5438,5
799,5
1254,3
3302,3
3559,5
5742,3
1897,4
1061,9
5175,11
5687,1
5258,4
5291,9
5295,0
4621,2
4623,0
7759,1
715,0
731,2
4922,2
5946,1
217,11
6361,1
2966,1
6708,5
365,6
381,0
3453,1
3581,7
2182,0
2439,0
3495,2
2280,0
3816,10
3832,1
2952,0
4024,4
2226,7
2482,7
6586,0
1806,1
5918,1
7781,9
7789,3
102,5
4198,6
6193,2
7221,0
7735,2
5192,5
5709,7
5965,3
6468,12
7492,5
7524,0
6905,4
2071,0
2327,1
2455,5
2487,3
2920,3
1043,4
1299,5
1303,1
2707,6
6871,5
4107,2
4635,5
4895,7
5204,4
7252,1
7380,5
928,3
930,4
931,0
995,0
1825,2
3889,7
2610,1
3762,1
3770,3
3746,4
8114,2
6412,1
6924,1
6940,6
6972,0
5846,3
5847,3
468,4
6612,3
51,12
418,4
423,0
1447,2
1511,5
6017,3
5426,2
5490,1
1406,1
5817,1
1315,4
1443,6
1442,2
1458,4
1563,12
3611,4
771,0
6312,4
6824,7
6888,2
684,3
5036,8
7102,4
4992,1
6020,3
6084,5
4484,12
3128,2
303,1
698,1
4794,7
6842,0
3456,11
3520,5
3521,6
3553,0
3557,5
3565,6
567,7
639,3
4735,3
7441,0
7473,5
7537,4
5609,6
803,0
2931,0
1306,1
1370,4
7515,5
4715,0
4731,2
7405,1
961,0
965,9
6339,0
589,5
605,7
1900,8
5197,2
234,7
4330,0
5354,0
5252,2
7316,9
834,11
850,0
7585,0
8097,5
7192,1
7320,1
7832,3
1842,0
6732,5
7772,4
4802,4
5058,0
5074,3
5083,2
2997,4
4135,1
6439,2
6760,0
6765,7
5144,0
5208,8
5336,5
1420,3
6855,5
325,2
4421,7
1636,0
1644,1
1772,8
3562,2
3563,8
5346,10
6734,2
1585,3
3206,7
3230,0
3263,1
6250,3
4277,0
6325,0
7349,2
7240,3
7368,0
7880,3
7881,0
2181,1
6861,1
5536,2
5537,1
5545,5
7593,0
7609,3
8121,0
7224,9
4764,3
4796,4
5660,4
5756,10
1524,0
3572,4
279,0
4575,10
3153,6
3411,6
1809,2
3961,8
5020,8
3696,1
7928,1
1228,2
1244,11
1500,8
7644,0
1134,6
1407,3
406,4
918,5
950,5
4928,0
7008,0
6465,8
3344,1
3410,8
3414,11
5640,7
5900,1
1557,5
5877,7
1273,1
2929,4
559,2
1583,6
4205,1
4335,9
6383,4
1512,0
2026,4
1164,8
1740,7
1788,3
4129,11
5669,2
5925,0
3343,2
1928,2
612,0
620,3
876,0
6885,1
7141,2
6256,8
6769,0
6496,0
6497,3
7651,4
7681,0
7689,0
7753,0
7757,0
4344,7
726,2
1688,1
1690,9
5790,1
2456,7
3480,4
4700,4
5980,10
2069,11
2229,3
2485,0
3509,1
7605,3
1859,3
5149,3
5533,0
3330,4
3334,4
3975,0
4494,1
4510,5
4542,3
7205,12
2736,5
2737,7
6833,0
7857,0
7323,1
2577,6
5764,0
5772,3
7885,0
6001,5
2756,2
2183,0
2775,3
4728,7
4732,3
932,9
948,5
5700,1
5828,0
2305,9
2313,4
2441,3
7081,1
250,6
506,0
1530,10
6600,0
6601,0
6617,1
2970,3
5784,2
5816,9
5880,0
225,3
737,6
739,3
1763,0
5859,0
1389,7
779,2
6987,4
5898,1
539,3
795,6
923,6
5440,0
5488,5
5497,2
1475,7
3176,11
3177,0
90,1
1018,3
7894,0
301,4
317,0
829,5
6628,4
6629,0
5768,1
8088,0
8120,3
1838,5
4701,3
4733,6
2832,3
7091,5
2264,2
2268,5
3292,7
3324,2
2270,4
6203,1
6463,5
3363,1
3367,4
3439,5
83,0
219,0
3597,0
7823,2
271,1
783,2
2831,2
8145,8
5675,2
6171,2
4293,1
5837,2
6355,6
6387,1
2506,1
6602,6
7630,11
5683,6
2856,3
2924,1
5229,0
5245,11
5247,4
4147,8
4155,0
4219,5
1095,10
1127,7
4371,8
3863,12
3375,4
3148,5
3404,0
7362,0
5787,0
2530,1
3042,6
3043,12
6279,4
5432,7
5641,2
5657,1
4443,2
2459,9
2463,0
1733,0
5829,0
5831,2
6368,2
7394,2
7140,2
3291,2
6570,2
7594,9
1531,6
3881,3
2724,8
6773,0
1068,6
3116,4
3372,2
3452,6
5145,3
7193,4
5710,12
4438,4
6650,4
5109,3
1264,1
4654,3
6189,0
6253,6
6509,9
4630,2
4662,5
4919,3
1927,11
4748,6
6466,5
2126,0
3438,0
7690,5
1620,3
818,10
4914,4
4084,2
1871,8
3919,6
6710,2
7436,9
7404,0
7896,2
7898,11
4744,2
4760,2
6810,5
911,0
4364,4
5388,8
5916,2
6418,2
3111,3
727,3
759,10
1015,4
3469,0
7597,6
5834,0
2824,0
5964,11
2918,6
3942,1
3950,4
2433,3
2205,5
7350,1
6792,7
6794,0
3526,8
6233,4
6265,4
7289,2
4111,5
4175,8
5199,1
5338,0
5343,6
6501,6
4341,0
4343,3
3932,1
666,6
1754,5
1759,2
7520,0
7074,11
1667,0
1675,1
2156,0
2158,6
7534,2
6870,9
1199,0
1263,1
6721,2
6725,4
6818,1
6826,9
2594,7
2738,2
7858,2
6592,1
7128,1
893,0
1047,0
3491,5
6032,8
6104,6
6403,11
3657,4
2903,9
865,2
867,0
4482,1
7558,5
7559,0
4377,0
6461,3
2880,10
3940,1
5351,2
579,1
999,2
2199,5
5410,1
5538,1
5554,3
2579,4
2803,0
3059,2
2208,10
2224,1
2228,2
2836,4
4889,7
5081,5
7564,3
1129,1
7886,3
6498,0
7522,5
7526,0
6401,0
6913,3
1827,0
3875,7
2193,1
2517,4
6185,1
7171,1
8184,6
241,0
497,1
505,4
3065,6
1364,12
1365,10
1367,10
3415,2
6289,6
6293,4
6813,0
6815,8
221,6
2269,4
1300,1
3348,6
3380,3
7048,0
7064,1
7096,2
1844,6
5940,8
7190,3
7446,6
2574,3
2212,5
6308,6
6822,0
2778,2
3488,8
3142,0
6238,1
6398,0
178,0
947,5
334,1
707,7
723,0
1472,7
1504,9
1520,12
2032,0
2042,4
7737,3
7741,1
1277,2
4461,1
5997,2
239,4
5269,7
5589,2
5591,5
2509,8
7188,4
7701,3
4677,5
94,4
222,0
693,0
757,1
1515,3
4075,2
5711,9
1069,1
4409,3
5113,2
3152,1
3160,0
3416,1
6028,3
7825,2
3236,1
3244,0
3500,3
7941,2
107,2
3009,4
5448,3
7514,5
1687,2
5783,0
6999,2
5769,11
8105,3
6945,1
4560,8
5584,8
6177,5
6331,0
4253,1
6301,0
6688,7
4500,4
7201,1
4127,0
6064,9
1816,3
3855,1
2247,2
2700,2
2764,0
3036,2
4380,2
5532,3
1107,6
1607,4
1735,2
1751,0
6393,11
1174,8
5270,1
7318,6
2747,2
4306,4
4854,12
1820,2
8025,0
2079,1
3103,1
3359,8
3392,7
3400,6
7497,0
7499,1
7054,2
7070,0
1066,0
1067,7
5163,3
753,8
5873,0
1902,1
3667,2
2516,9
5612,2
4603,9
310,3
4458,11
4462,1
7717,3
7847,0
7227,0
2450,1
277,3
1159,0
5255,4
7303,1
5938,1
7986,0
2872,1
2879,4
3007,9
4193,8
4217,0
5241,5
973,8
5069,3
937,0
953,0
3133,0
3261,5
1671,3
5767,5
7685,11
5531,8
7310,2
7342,5
681,12
745,11
747,2
751,1
618,0
874,10
4970,0
1176,5
1177,5
5273,3
5275,2
5307,3
7824,0
610,7
6212,8
7516,6
5444,0
6269,1
7293,0
2611,2
6936,0
6937,0
6300,0
5185,3
2855,5
2863,5
496,6
2034,0
621,6
357,0
4679,6
6172,0
6204,7
5435,0
5439,7
3331,5
7459,0
2244,4
2503,8
7111,5
6092,9
4892,2
2315,7
6443,2
6955,10
5052,1
7100,6
6562,1
7586,5
7587,3
1388,7
4237,3
4493,4
6541,5
4611,9
4995,4
6019,5
6027,0
6043,3
4336,2
6384,6
7408,7
908,6
5004,4
2550,12
6511,0
3624,1
1955,6
6218,9
5271,1
3090,2
3347,12
4200,9
4460,1
4588,2
5910,2
2449,1
2968,3
3156,8
8022,0
7206,0
7270,1
1891,11
5274,0
6159,4
901,1
7045,1
5215,2
5259,2
5263,1
3391,2
3809,3
1425,4
3513,3
3515,1
6848,2
6881,1
4399,11
5411,0
5415,8
4879,0
1729,0
1765,7
2408,7
3432,1
3944,1
4713,0
4969,1
7248,0
7504,1
6434,1
6462,10
2848,8
2852,9
3052,3
2723,6
2791,4
3047,3
6672,1
7056,1
7060,3
5729,7
1778,2
4753,0
4787,4
5141,11
5830,7
4453,10
7177,0
7967,1
5082,9
2614,2
2622,5
1219,1
1235,0
6099,4
2100,8
3637,2
3701,4
391,0
2471,1
7233,2
7361,1
7617,4
7633,8
3724,3
3996,1
3997,0
877,4
7297,3
7619,3
327,3
5041,8
7598,4
5143,5
5399,1
6900,1
5164,9
5165,3
5167,0
4439,4
4471,2
5495,1
7951,6
5443,2
557,0
573,1
637,0
7638,2
4492,6
4509,8
2381,3
5066,9
2896,12
796,2
798,0
2846,10
6942,1
2906,1
3930,0
3107,0
6433,0
6569,2
4807,1
2752,2
2788,0
2804,5
1084,2
7160,0
4331,0
6661,8
657,5
5017,5
2967,5
5896,0
6024,0
6044,0
7833,5
5658,4
5690,8
6460,8
6588,7
3248,4
3760,1
2869,1
2871,2
1243,0
6187,5
4795,4
943,12
1670,9
1703,2
744,7
571,4
575,4
2751,1
1059,6
6512,8
2241,11
2131,10
1964,3
238,3
5358,8
5870,4
5172,9
5174,5
6514,5
3166,7
4456,3
4457,10
6633,1
1853,8
5949,9
7005,5
1086,0
371,2
1297,5
3857,1
6230,4
6366,2
3552,4
7664,0
7667,7
1713,9
1777,0
4338,4
4594,4
4598,3
2309,1
2333,12
3357,8
4202,1
2276,12
7222,2
7478,2
3207,0
3823,0
3465,1
3189,3
3445,2
1846,5
5377,1
5441,6
5800,0
6980,1
7109,1
79,0
1103,0
3663,7
6354,0
3738,9
7835,4
3588,11
281,3
1768,1
5864,2
5868,4
1719,3
5732,0
7788,6
1169,0
3612,0
5096,5
5097,5
5200,2
5841,3
6097,1
5359,0
1663,1
3668,3
3796,3
3804,1
3879,10
154,8
155,1
411,4
4539,12
6663,4
8064,6
1459,1
5067,2
4504,5
4540,6
2473,1
2537,2
171,5
443,4
6587,1
4280,6
1331,5
3544,7
7640,5
5518,4
3589,1
3621,0
3639,0
1795,2
5891,0
4556,2
4558,1
4590,11
2108,5
3260,5
8032,1
7395,12
6931,0
6329,1
6841,8
2334,10
3486,4
1647,11
3034,4
7443,0
2300,1
175,5
6880,3
1509,11
6088,9
6105,5
7002,6
5461,1
5621,0
2646,6
2598,8
3923,6
1240,0
1242,9
3546,9
6047,0
4933,11
3369,2
2606,6
2607,3
214,1
3430,0
1992,1
5166,10
5246,0
3396,2
3240,2
3256,1
7352,2
5686,3
738,4
2786,8
2802,1
1478,5
1486,2
5956,5
2703,4
7474,1
5699,1
5731,4
4203,8
6983,0
914,6
7176,7
7688,0
7850,9
7851,6
4372,4
4126,2
1234,10
1490,3
4619,2
4667,10
331,0
4185,4
6745,0
5865,0
2914,3
3939,5
8035,10
3765,0
5211,12
5944,2
5947,5
4169,3
1646,9
1464,1
5893,3
2261,2
697,5
3882,5
510,10
6357,3
4374,6
4382,0
4009,0
6345,3
7641,10
3958,12
7713,7
7373,0
1938,4
3986,1
4629,10
900,0
3988,9
243,1
2291,0
2597,1
3586,10
3666,2
6315,0
6827,4
4958,6
1914,12
6917,2
1876,10
7214,0
7294,2
5064,12
4853,3
2285,8
4749,7
5775,0
7288,0
7290,11
1533,5
3886,1
6634,0
4311,1
6150,1
7494,1
4512,5
4578,6
6626,6
6638,4
1422,2
2077,3
8152,5
4582,5
6118,1
1896,4
4851,6
7185,3
7829,9
2004,2
2005,1
7817,0
7821,0
4655,0
7942,5
8006,11
1175,2
2480,4
3504,0
4056,1
4441,4
6489,5
6521,10
1546,11
5642,4
5694,3
7742,0
6169,7
5087,0
3094,2
3222,7
7382,3
6200,4
5602,6
1445,4
1461,2
183,2
7958,3
7959,2
4771,4
4283,1
7029,0
6236,1
1615,4
1743,7
5006,0
1082,2
6780,2
3441,3
791,2
6834,1
6838,10
6413,0
6477,0
6493,6
1525,2
6360,1
6392,7
114,2
1138,1
3194,5
1146,2
5018,4
6467,1
6948,0
8100,10
163,1
495,1
511,5
3272,0
3304,5
7234,1
1438,0
5418,4
5547,2
2640,9
2648,7
124,2
2746,3
3066,6
2608,6
3707,1
3913,2
4041,12
2197,5
2207,1
6278,1
7521,1
2173,1
3715,5
5542,6
2901,1
2909,0
3933,1
6823,4
7555,1
665,11
729,3
1785,0
5672,10
5673,0
654,6
2273,0
4600,4
2662,6
2670,10
1637,8
5751,1
1390,0
1435,8
1760,2
5856,2
370,7
1394,12
7024,9
6370,0
3180,9
2566,1
491,4
899,3
2947,9
5296,5
5364,6
5366,0
1756,0
6307,1
6371,2
6175,0
4529,0
1551,1
1679,7
2511,7
837,0
4792,2
6388,8
2680,1
4239,7
4271,0
5072,4
5073,5
5105,5
6358,1
4628,11
4631,7
6687,2
843,5
6031,5
7296,1
7302,5
551,1
3647,1
3618,4
4257,0
4265,10
659,1
1943,4
5682,4
7730,0
3928,1
5637,4
2203,0
2491,11
5302,2
5566,10
1209,2
3257,1
5420,3
5485,1
993,1
5089,5
6526,1
3522,4
5104,2
6128,6
3683,11
7072,2
8104,4
8168,4
5858,1
5689,2
4245,0
4757,4
4765,4
1728,0
3440,1
3444,11
2218,1
187,2
2382,9
3406,0
3918,1
6330,5
7495,4
2781,1
5176,5
5304,0
3126,2
3134,3
3135,8
7057,5
2748,1
2514,2
4867,2
4636,4
6748,4
7242,2
7370,5
2796,3
242,3
6733,1
3776,12
1716,10
916,4
3000,1
6062,2
6451,1
6515,2
1323,0
844,7
6488,5
2732,0
3842,10
5318,9
1604,8
3652,4
7764,8
7796,2
3146,11
553,4
5685,7
2974,1
4440,8
2443,11
2507,1
2850,2
6950,0
2217,3
2729,5
2731,1
4656,11
5936,7
6680,1
6747,0
626,0
883,3
1514,10
7336,3
7340,2
7853,7
6546,7
7574,3
2202,1
4559,2
4639,5
7508,9
3673,2
1148,12
1366,11
1374,5
5306,0
5387,8
611,11
875,8
603,0
4496,3
4498,5
5522,4
2213,1
2215,2
2231,2
1857,7
1987,12
5676,4
5804,7
5217,9
7401,3
1196,6
7596,1
2960,2
5601,9
4209,9
4337,7
212,1
980,1
4332,0
895,1
1668,4
2020,1
405,12
415,1
7012,1
7020,5
3811,1
2512,1
2520,7
7250,0
6246,8
4035,0
5319,6
1221,2
1229,4
1773,6
2174,5
5193,1
4260,0
3227,2
1889,1
5050,3
5051,7
7746,6
3061,0
1211,2
5779,0
3418,3
1921,3
1979,0
5080,0
878,1
4501,2
6549,3
6615,0
2964,6
2996,2
3752,5
975,9
4660,2
2663,2
2930,12
2938,2
4993,5
4279,5
1332,5
3241,1
6042,12
1462,10
1144,5
1913,2
2494,0
2454,5
278,1
2326,0
3350,3
3382,1
1321,0
5417,0
5421,4
4487,4
5780,0
7828,4
7860,10
6068,0
2671,2
6997,1
4259,2
4548,2
456,2
6606,2
5161,0
2016,2
2017,3
2019,3
6608,0
677,4
3045,3
1712,1
1720,0
1722,4
1071,1
2958,0
1873,2
2033,4
3638,0
2523,0
5646,2
5678,2
403,3
467,3
5733,11
5233,8
5745,2
5749,3
3740,5
5171,0
7219,2
2897,1
2201,3
6297,1
1053,0
5213,1
5725,4
4398,0
6872,7
4717,0
5424,2
5616,2
5668,12
3812,3
2365,1
721,0
7266,2
4918,11
7719,3
5315,4
3473,1
419,1
1158,12
989,2
6435,9
7471,1
925,3
5927,2
7669,0
2926,3
2227,1
2239,1
4505,3
7811,2
3219,2
3408,4
3536,2
3540,1
1452,10
5548,1
2243,6
2755,0
3196,1
6425,10
6232,2
6237,4
1505,6
2453,0
3030,1
1658,2
478,4
5297,11
291,1
939,0
2627,0
3907,1
2187,3
4601,3
4546,2
5090,4
1236,12
1237,2
5373,4
2811,0
7750,6
7766,1
1004,1
3157,2
3669,12
119,5
216,7
732,0
734,0
7581,0
3808,1
4065,0
3364,8
3914,1
3915,1
1274,0
1786,6
3834,1
307,10
2854,2
2934,6
6802,1
6764,2
3361,0
3489,2
7649,5
1338,7
1851,4
6795,1
647,2
3735,7
2789,4
7864,0
2089,3
7801,5
2294,5
2975,7
570,5
4798,2
5456,0
1523,1
6946,5
229,3
6409,0
6426,1
6490,3
2524,6
4788,4
3054,8
1727,12
5031,1
2705,0
2709,1
4403,3
7475,7
4884,0
1573,2
1725,0
5214,2
7337,0
7341,3
2486,4
1197,3
5309,6
2465,1
6964,10
165,3
4589,0
5277,6
5423,2
1705,0
1961,0
6722,5
4394,3
7433,0
7945,9
7949,0
6304,8
1016,5
3943,2
3092,5
3479,1
4189,0
2236,4
2389,0
2397,8
885,0
4981,5
5914,4
4776,2
6692,3
2595,8
1770,2
6138,0
952,4
3002,3
5814,12
7418,0
4032,5
4045,2
595,4
1619,6
5098,8
4214,7
4658,0
6706,12
5010,4
300,10
4334,5
6474,0
6475,4
6479,5
3539,4
2110,2
6206,0
6520,0
204,1
2497,7
4119,9
4459,0
7174,4
6730,3
5360,5
5453,5
3336,8
921,3
2583,7
3671,2
7904,2
7920,7
465,7
4569,2
4571,9
1599,3
1347,0
2581,4
2613,4
6632,4
1077,0
1085,0
1213,1
1469,3
3517,1
6419,10
7041,1
7049,12
2387,6
125,7
4956,5
4988,0
2643,1
2771,3
7502,8
902,0
903,2
8128,8
4080,6
7488,2
7632,4
6550,5
3025,1
1173,4
3221,4
7317,4
4464,0
7540,1
4706,6
6106,2
3605,8
3284,8
4665,4
6713,6
5808,0
1879,6
3466,3
3978,9
5352,1
3672,6
6004,4
6018,0
6034,0
6098,0
7285,4
7413,0
2481,4
5194,2
5198,0
3747,5
7198,0
4289,1
7637,5
5550,2
4885,4
851,0
4979,1
7503,6
4325,2
5349,4
941,6
5894,10
5244,0
2527,1
6417,3
4333,1
2980,6
7705,7
1835,9
3378,3
4141,4
5220,2
3301,0
3980,2
6441,8
6428,6
7964,2
6560,5
127,5
858,0
890,0
4495,2
6835,10
5234,3
2573,9
2591,5
4025,7
5257,5
4673,7
4801,2
4821,6
542,6
4894,3
4255,4
4577,3
2839,0
2847,4
652,3
716,5
3022,0
2651,4
8102,6
6170,2
1260,3
1516,9
5225,2
5481,1
7914,0
3813,2
3656,9
3661,5
1333,6
2093,9
6445,6
6447,4
623,1
5743,6
4758,0
5659,0
3436,5
6658,7
7683,0
7217,6
7729,3
4267,4
5326,1
1502,0
3394,1
3625,8
1125,2
1645,1
5987,0
6491,0
4518,0
828,3
892,5
2659,4
2154,4
5541,8
5557,0
6022,0
1745,2
4913,3
7993,0
1752,1
8068,3
4348,0
5001,6
252,5
7040,1
3818,12
5811,2
2172,0
7548,5
1973,10
173,8
237,2
2541,6
5449,12
5985,3
6430,10
6850,2
6866,2
3159,1
4533,3
6114,6
1669,2
4903,1
5853,2
6599,10
2800,0
3824,1
3825,7
5203,4
3098,2
4766,10
5506,7
7845,1
4638,7
4702,2
1506,4
1522,2
7374,0
7375,4
5558,2
613,8
1142,6
7748,9
1233,0
1681,8
3761,10
4511,9
2422,1
3454,6
1241,0
1753,1
5169,3
3317,2
2797,5
5313,6
6784,11
1285,2
3283,1
7383,2
861,1
1110,5
6986,2
157,11
669,0
2717,5
3137,8
963,10
3011,0
3974,2
4038,6
5181,3
7196,1
7452,1
1922,5
1986,12
6226,4
7300,1
5505,4
6326,2
5404,0
6217,1
3718,9
2140,10
7281,0
3096,3
3001,2
3850,0
1433,1
3121,3
1969,1
5932,2
6483,3
1291,1
1419,0
1386,1
6338,5
3345,6
5385,4
5451,3
5706,2
6298,0
894,2
7384,2
1276,0
2284,3
3310,6
6674,1
5254,2
2286,3
7182,4
7566,3
6234,3
7570,0
7602,5
743,1
1701,2
5180,2
5820,7
4595,5
4467,3
3437,1
6737,0
2299,1
854,8
907,5
4875,2
1210,2
462,10
2809,3
387,9
3398,4
3366,3
882,5
4532,1
4534,4
1609,4
6611,2
8089,2
5409,3
5553,7
7601,5
1002,0
6753,6
6777,2
7711,10
5436,4
2761,10
2765,6
3377,1
2237,3
4818,5
4819,3
1932,5
964,6
5206,11
1488,0
7264,1
7267,7
2390,1
6797,11
1492,0
3862,1
4405,4
4261,7
2246,4
5717,1
4442,5
2899,5
8002,2
2963,4
5129,2
6343,6
6375,1
5857,5
5155,3
5283,5
5236,3
5492,8
1784,2
6035,5
2271,4
5347,1
3161,0
7261,0
1875,11
1906,10
1149,5
2674,8
5196,4
7756,1
811,2
1267,2
4005,5
2536,4
4965,1
5093,1
1430,4
3379,1
3387,0
5019,0
4503,1
873,3
4950,3
4982,4
4721,11
4723,1
6771,1
4690,4
4694,6
2655,1
1372,0
7813,1
4678,5
6854,7
6886,12
1261,4
3309,4
477,0
3005,1
7965,5
6223,3
2784,1
2925,1
7010,8
4472,1
4473,0
372,3
4241,11
6577,2
6581,6
7684,0
935,0
3123,3
3784,11
4072,2
1562,2
1950,1
3462,0
3478,1
4547,3
5571,6
2325,9
5665,2
4703,0
7239,4
1351,12
3399,4
7218,3
207,3
5782,0
2339,1
2467,3
2539,1
1948,3
3477,2
3027,6
6553,2
6808,5
7836,0
4729,2
565,6
1845,1
1863,4
3911,8
7938,4
7954,0
4908,1
1114,0
1115,3
2779,9
287,3
6568,0
7592,3
5763,8
6202,0
881,1
4924,8
1192,1
4222,3
6221,1
1497,0
3545,0
2954,3
593,1
3953,1
5284,7
1339,0
2153,4
2787,1
1811,4
6849,4
6583,6
5131,11
5327,4
7463,0
4930,6
4962,0
4967,0
982,8
7309,0
4304,4
4754,3
7058,10
4587,5
3031,5
5023,4
5539,3
3780,6
3251,2
3259,4
1250,0
1215,0
6941,5
5945,1
6563,4
2230,1
1439,7
960,5
3341,6
4447,0
6604,0
1990,1
3192,3
6415,5
5186,12
2258,3
2515,0
5899,0
1596,4
1724,8
2500,1
7482,0
3381,2
1489,5
5593,3
983,6
2007,8
6603,4
1396,12
909,1
458,5
7706,3
3789,2
1178,8
1275,3
2307,9
6130,1
6535,4
4391,8
2319,0
4877,1
4893,0
3954,3
1099,7
4551,7
969,5
1001,8
7073,3
6857,3
447,5
1471,5
1334,5
1470,0
7013,3
376,2
5489,1
7442,2
661,0
917,0
981,1
1000,0
3507,2
1627,9
6319,7
1208,0
1272,4
1218,12
5907,2
3289,1
6191,2
486,10
7389,3
3496,8
5753,2
6080,3
6096,0
7849,2
5969,1
1579,5
3627,1
3685,5
4887,2
2452,0
509,1
2588,6
2876,0
249,1
215,0
1582,1
5317,4
7720,3
7721,3
7725,0
7992,11
7624,1
2426,6
2639,5
2175,0
339,1
5251,5
1934,3
397,5
3322,3
5724,0
3658,8
3786,1
4780,0
4661,3
4725,0
7760,1
8144,0
4645,0
6693,5
3502,2
6816,5
2356,2
2423,2
871,3
3864,1
2683,4
2542,0
7513,3
1833,1
5329,9
5337,2
2601,1
2605,2
2733,2
3376,2
4428,2
1821,0
1692,7
1693,5
6085,6
6789,1
6821,1
3013,0
5151,2
7225,6
2645,3
5147,1
3249,4
2460,3
2969,5
7878,5
7256,6
7274,4
5989,4
1650,2
7943,2
2297,0
7268,3
7780,4
5286,1
5294,11
3894,0
6711,9
5076,4
223,2
3229,1
1413,7
5372,8
6921,0
1978,0
1385,1
3433,1
3435,0
2615,1
1880,2
6716,0
2476,8
5962,7
3193,8
5892,0
4971,4
2676,3
7105,12
2335,0
5301,6
7351,5
633,5
635,11
3534,2
7493,5
4565,6
6543,1
5680,5
913,1
2961,2
3212,3
1341,4
1428,4
2209,3
5844,1
7892,1
3651,6
7108,5
6305,1
7331,1
3984,2
6390,0
5428,6
4568,3
7457,4
2366,7
7249,7
7257,0
5568,6
7618,1
4451,1
755,6
1379,2
3427,4
3431,0
6183,1
1869,2
4004,0
4020,3
1054,4
1055,0
1087,3
4649,0
4668,4
1949,3
3555,1
2540,8
6585,1
5238,3
5748,5
3836,10
5209,4
2282,8
2794,0
5005,0
1988,6
3397,5
3492,0
5282,1
7346,4
7326,1
6930,1
8003,8
246,4
6314,4
4190,3
4318,7
4574,1
3527,3
1981,2
4720,1
6500,6
7652,8
5876,4
4769,1
4583,0
4327,0
7416,4
1501,8
4952,0
4452,3
4730,10
5991,0
3560,0
6359,5
1529,6
6731,11
1350,3
7815,0
6364,3
3912,1
2956,0
2990,1
4579,4
7061,3
7650,0
1822,2
2722,2
1474,1
2698,5
5897,1
7961,0
2380,3
2508,1
6934,3
3389,3
1812,0
1814,0
5056,0
1698,12
1581,10
3561,9
2718,1
4212,1
4726,1
3852,1
1767,5
4251,2
3220,3
2364,4
4000,2
4008,1
6373,1
3100,4
1858,0
3947,2
7216,5
5979,4
3793,6
543,1
1734,5
1864,1
1865,1
7178,5
7755,5
5643,0
123,1
5240,0
5651,8
4526,2
507,2
2099,8
6572,0
3717,0
5613,0
1984,1
3523,0
7088,3
1223,5
3339,5
5716,10
4158,10
3497,0
813,1
7062,0
2232,11
3851,2
2221,5
3105,8
6051,4
6266,6
4563,0
746,3
1006,3
6444,4
6958,0
889,1
3057,1
2567,3
1980,1
1317,0
5852,0
5514,7
6840,8
6926,1
7044,0
3281,10
2843,2
4181,6
1431,11
1575,2
7251,0
1212,3
4321,0
4939,4
4074,1
3246,9
3384,9
4528,5
6576,0
6584,8
4295,0
428,3
2477,5
7053,0
7626,1
4572,1
3132,0
3155,4
1330,3
2287,1
3412,6
3868,1
7842,4
5788,6
6571,9
1510,1
6640,6
7708,2
1493,2
3573,2
3525,0
4301,5
5009,9
7059,4
643,0
730,1
5573,0
4340,3
1494,8
4207,3
3843,3
348,0
476,3
1476,3
2233,7
7051,4
3493,8
3660,2
3676,2
6976,3
8010,11
3777,1
3720,2
3904,1
2277,9
7754,2
1798,5
2006,4
5292,3
2762,3
2195,8
6705,2
3422,0
5913,3
4573,3
3548,0
2510,3
855,3
5960,7
2519,4
2138,6
2170,1
1231,11
4308,8
2884,12
4053,1
3409,1
3472,0
1182,3
1289,12
1417,5
1126,4
2845,10
3365,3
2769,6
3797,8
7396,1
7762,8
4557,4
1926,1
5325,4
2037,3
2259,3
3516,1
3906,3
6801,0
6865,4
4833,1
4837,1
555,7
4375,8
5895,0
6376,4
7400,1
231,2
1269,5
4711,1
3820,0
1432,4
5016,0
3890,1
7028,4
395,3
5515,5
2932,6
2857,4
1651,3
3703,5
6374,1
4567,4
7065,1
5915,0
5850,0
2385,5
7505,2
5798,6
6328,2
4812,7
5457,5
508,4
2279,4
1621,1
1623,2
6380,3
6396,2
3245,2
3288,6
3475,5
2415,7
2690,6
5416,12
7120,0
490,5
6530,4
946,2
846,1
6766,1
1704,7
6988,0
7116,0
5123,1
5298,1
3633,2
3623,7
2349,6
2251,6
4663,2
1819,2
2774,1
5021,1
4996,4
5028,1
685,1
687,9
1203,0
3214,1
1257,7
3235,10
866,2
3164,7
6899,3
2391,2
1941,11
7778,0
7212,5
7468,3
3785,1
7616,2
7376,8
4637,6
5661,0
2902,12
3749,1
6820,11
2922,10
696,5
2293,6
1813,1
4670,10
2699,0
3337,2
8160,1
1451,12
6235,0
6239,2
4815,1
2677,2
6381,3
5013,1
5600,0
5605,5
1747,9
1640,3
1214,2
4411,0
4927,4
3783,0
5635,2
5746,2
6478,6
2001,5
3046,6
5516,1
839,2
1807,3
1686,0
5060,2
5191,1
247,6
2805,5
482,3
3320,0
3321,3
686,2
5774,7
1455,1
5212,0
7740,0
3590,5
2363,0
2292,0
7082,0
6956,7
6260,3
7284,1
2267,2
1594,0
7280,4
1477,6
4699,1
3630,4
5540,0
2790,0
5350,2
3781,6
5577,2
994,1
4835,3
4406,10
4414,1
6844,5
3591,0
1307,5
1823,3
2726,4
4322,3
4326,0
7584,2
1622,5
1591,3
2730,10
763,0
3741,4
4034,5
979,8
3017,8
3122,4
4710,7
7114,0
3278,0
3356,4
5973,8
5698,2
5703,6
2343,9
1311,3
4705,1
5201,2
4781,3
1731,8
3921,0
1265,1
4365,10
2521,4
2673,12
2972,7
558,7
1870,1
7344,4
2675,5
7777,10
7392,1
606,1
2358,6
2599,2
5135,4
7465,4
5961,1
3018,11
7209,8
4751,0
5357,0
2266,3
847,3
1393,0
6000,5
7180,0
7315,0
4433,5
6874,6
3179,4
5581,4
700,5
956,0
957,0
2139,1
7069,6
3528,10
1749,7
6752,12
2393,12
4687,2
4675,3
4707,3
3197,5
5369,2
7722,1
6786,0
6411,10
4266,2
460,1
1398,6
1183,1
2603,0
3670,4
3530,1
4592,0
4596,1
4593,4
4432,5
494,0
5521,4
4671,2
4538,7
5617,7
4817,2
3690,6
2409,10
2413,4
3388,7
617,10
5379,3
6727,1
2157,7
2669,4
1479,0
653,3
4309,1
6228,3
4803,5
4917,3
3306,2
63,3
191,6
762,1
4516,4
3653,1
3613,6
1774,5
5305,0
6258,6
1709,0
4840,3
7693,3
8080,5
2712,0
1643,10
6052,1
1931,5
3258,0
1373,3
3421,3
2993,8
6614,0
6309,3
5106,2
1295,1
7347,1
1946,5
7430,2
6476,10
5361,0
5465,6
6858,0
826,1
5507,0
7312,4
6538,9
6058,3
1483,0
4549,0
3626,6
1685,4
3252,0
2451,0
5287,6
3719,1
2000,3
5063,8
5639,3
3764,6
6923,5
3299,7
3395,4
7496,0
7528,0
3004,0
3125,1
3253,0
489,4
3678,2
1942,5
1641,2
3529,1
2545,0
5239,7
3223,1
2398,5
3788,3
1437,1
5911,1
7588,3
6533,1
6448,10
3622,3
7332,9
2851,6
7025,2
6038,0
764,6
2587,1
7621,7
7090,0
1473,2
4476,8
5228,6
3985,7
689,0
7573,2
3691,6
5606,0
2411,0
4048,2
2414,3
7960,0
4907,7
6262,3
6832,0
6414,7
4445,0
1258,5
7810,0
3860,1
3681,5
3531,2
5272,0
5368,1
7076,2
3971,4
7687,10
6247,7
7203,3
7498,0
942,3
3846,1
5778,3
3905,4
5924,9
5469,0
6932,4
6049,3
1309,3
5452,7
3883,6
4698,2
5681,0
179,10
3675,1
4797,10
2719,1
6952,6
2513,1
3532,2
1521,0
5580,1
2715,0
5025,0
7882,7
2289,11
6423,3
5647,8
5903,2
7043,6
6502,0
1968,1
6925,0
6969,1
3129,4
701,1
7335,3
4530,1
5401,2
6436,10
1923,10
1829,1
1508,0
7429,7
4750,5
3629,5
1771,11
7381,5
5035,10
3645,1
2214,0
1549,7
1613,8
285,6
4404,0
3615,0
4799,0
3524,1
3305,2
7435,2
7353,4
7776,10
884,2
4849,3
4220,4
7412,0
977,6
3554,7
3763,2
3243,1
3442,4
5737,8
2695,2
7449,1
1429,11
4986,3
3603,0
492,2
349,0
4477,1
4724,6
3178,4
691,5
2933,4
2921,6
3700,6
1343,5
2329,1
313,7
7552,7
4397,3
1877,4
3514,2
1882,11
4566,4
3402,1
3617,7
4328,10
2063,7
7321,0
1083,3
699,2
4396,0
3449,6
5799,0
7554,1
1815,8
1238,1
3353,1
3754,7
5848,4
6770,9
91,4
1513,9
2575,1
3556,4
5334,5
5693,0
4429,8
1395,0
679,9
5679,6
3130,6
7715,7
1748,0
2810,2
6998,3
695,3
6678,4
3512,3
6704,1
6701,3
2741,1
3910,2
6793,1
7464,9
6050,5
1467,7
3692,0
7230,8
7489,1
6540,9
3476,10
5332,2
2283,12
1580,5
3470,2
7818,9
2522,9
5719,0
2159,3
3390,3
6350,3
3880,5
1009,0
3505,0
1181,8
4669,5
1227,11
2502,6
3654,1
1423,3
459,2
2469,1
6342,0
6960,8
7572,6
2075,8
2647,2
4926,1
5929,6
5645,6
6994,5
1010,3
5739,0
4709,0
7329,7
4435,6
2725,0
5825,2
3659,10
2556,2
2135,10
1245,1
3213,0
3729,2
5827,0
7313,6
6968,5
4685,6
