0,0
1,0
2049,0
2113,3
2117,6
2119,5
2391,7
7543,2
8063,1
2,0
258,0
290,6
4386,10
4402,11
6514,11
6642,8
6650,4
6651,5
4096,0
4224,0
4480,12
5504,4
5516,6
5517,6
7565,6
8109,9
8173,5
8175,8
1024,0
1040,0
1072,5
1074,11
5170,10
7226,4
7610,12
7678,4
8,0
520,0
648,12
649,10
4745,2
4777,3
5049,6
5055,10
6079,12
32,0
2080,0
2208,3
2464,1
2976,11
2980,1
4004,6
4070,5
4094,7
18,0
274,11
4370,4
4378,7
6458,3
7482,8
7486,10
8126,0
16,0
24,0
88,3
4185,0
4217,5
4729,7
6777,0
7805,6
7933,7
264,0
268,0
908,10
5004,10
5005,1
7053,7
7085,6
1026,0
1154,9
1155,2
3203,0
3211,5
3979,12
3983,12
4063,7
386,6
451,11
1987,6
1991,3
4039,8
4071,4
4087,7
17,0
49,1
4145,4
4273,12
4793,8
5817,6
8121,12
2048,0
2056,0
2058,12
2574,6
2958,1
3038,3
3039,1
3071,6
512,0
528,0
532,9
596,2
860,1
1884,11
5981,9
8157,4
64,0
192,0
4288,4
4290,4
4294,10
4327,9
4839,12
4847,1
6911,4
704,9
708,6
964,3
965,3
1989,5
2005,6
6101,6
6103,12
20,0
1044,7
3092,10
3100,8
3356,7
7516,4
7518,11
8030,8
2314,8
2826,8
2954,7
7114,4
7130,3
7134,7
7167,2
2064,0
2068,3
2324,11
2326,12
6422,10
6934,10
7094,1
8118,4
19,11
275,10
307,6
4531,0
4535,2
5047,10
5111,3
6135,8
1152,0
1162,10
1674,7
1675,8
1739,6
3787,6
4075,7
4079,7
3072,0
3136,12
3264,6
3280,7
7632,1
7640,4
8152,2
8153,3
1280,0
1282,10
3330,6
3334,2
3398,1
3526,7
3534,1
3566,9
7662,0
7663,11
536,3
600,6
856,8
858,3
859,0
3035,2
4112,0
4121,3
4313,4
4345,3
4601,8
5113,2
7161,7
256,0
272,0
400,7
913,4
2961,12
3057,3
3065,6
4089,3
6144,0
6152,4
7208,4
7724,6
7981,8
128,0
1184,6
1192,10
1194,3
1258,8
3306,10
3307,10
288,0
291,5
299,2
1327,3
1391,6
5999,7
6143,0
28,1
60,3
62,12
574,2
2623,10
6719,12
6975,6
4608,0
4624,3
6672,5
6704,5
7728,1
7792,7
7920,12
7922,12
8178,2
8186,6
12,0
2060,5
3084,10
3212,8
7308,3
7884,3
7901,6
7903,5
5,0
13,9
2061,10
2077,7
2333,1
2365,7
2877,9
2943,9
4097,5
4225,9
4753,0
4785,5
4849,6
7925,6
8181,11
72,0
328,0
329,4
363,10
2427,2
2555,12
1025,0
5121,5
5153,2
7201,10
7205,2
7213,3
7725,6
7789,11
8045,10
2052,0
2564,0
2565,10
2821,0
2855,12
2871,0
6967,0
7103,10
2576,5
2704,9
2706,0
2770,12
6866,8
7122,7
7131,12
8155,4
5120,0
5136,2
5140,4
5142,9
5174,7
5175,1
7479,9
7991,11
8055,3
516,0
4612,2
4614,2
4870,5
5894,4
7958,8
8022,10
68,0
76,9
78,12
6222,0
6238,1
7262,5
7774,0
7806,0
7807,10
1032,0
3080,9
3336,1
3369,3
3945,9
3947,2
3963,10
8059,9
129,0
161,8
225,0
1249,0
5345,9
5353,11
5609,11
7677,1
8189,11
768,0
776,5
840,12
842,5
2910,12
7006,0
8031,5
4,0
524,10
2604,2
3629,11
3885,11
7997,10
8061,5
1544,10
1576,0
3624,12
7720,1
7784,3
7790,1
7918,12
530,9
534,6
662,0
4822,2
6878,1
6910,2
4160,0
4672,0
4802,5
4834,3
5858,11
6114,7
6130,4
8179,3
2112,0
2128,8
2160,8
3184,0
3185,6
7289,6
7803,4
402,8
2450,5
2454,12
6551,12
7575,9
8087,9
8127,6
1168,3
1680,1
1936,1
1940,3
6038,3
6070,12
6078,11
4098,0
4194,0
4322,6
5346,0
5862,12
5878,11
5886,1
25,10
569,3
2617,10
2619,10
2683,1
6783,12
7039,10
6272,3
6289,2
6297,4
6553,1
6555,2
7579,4
7643,1
7647,2
1028,0
1172,4
1173,12
3221,1
3477,1
3487,1
4095,0
2176,0
2177,11
2209,12
2217,12
2281,2
3049,12
4073,9
8169,8
1346,4
5442,7
7490,0
7506,0
7514,5
8158,8
416,11
432,2
436,4
502,6
1014,6
2038,6
8182,1
514,0
2562,1
2563,10
2691,0
6803,9
6807,8
7831,5
7863,8
7927,12
92,0
93,0
2141,8
2653,12
3677,0
7773,1
7775,0
8159,7
1410,10
5570,1
5571,1
6111,5
1312,4
1313,4
1315,4
7459,11
7467,12
7471,7
8111,7
40,0
44,12
3116,8
3372,3
7596,9
7660,12
8174,3
900,3
932,11
5044,8
5046,0
5110,2
6142,0
2978,10
4010,10
4015,9
4031,2
160,0
4256,1
4512,2
5536,10
5538,1
5610,4
7658,7
7659,10
8187,0
4632,12
6684,4
6812,11
6844,8
6846,11
6847,4
7871,3
2304,0
3456,8
3489,2
3493,2
7605,3
7615,5
538,1
1562,7
3646,0
3774,7
4030,9
31,3
3391,1
7487,10
1288,6
1322,8
1386,10
7546,8
8058,3
904,2
1928,8
3976,10
8073,3
8137,6
3073,7
3137,0
3393,8
3425,2
7523,1
8167,12
2065,9
2073,12
2137,2
2173,12
2685,11
2941,11
3069,10
4093,4
257,0
261,8
773,4
781,12
797,8
829,0
1853,8
2045,10
2047,9
580,9
581,2
597,12
605,3
733,8
4616,2
4680,12
4684,10
5708,11
5740,3
5996,9
6012,12
384,0
390,11
470,7
478,11
3550,11
3582,12
1064,6
1080,4
1081,7
1085,12
1599,8
1855,7
640,0
4736,0
4781,3
5805,2
7853,5
7917,4
132,0
134,9
646,10
654,7
686,10
1966,9
2046,10
3168,0
3169,12
7265,10
7267,10
7931,8
4304,8
4305,6
6105,4
4354,7
4358,2
4878,7
4974,7
5102,7
6126,7
3152,4
3408,2
7504,11
7505,8
7507,3
7515,0
7547,6
7675,8
4296,5
4312,2
4568,1
4572,3
5598,12
5630,11
8190,0
578,8
4674,6
4675,2
4683,7
6747,11
7003,12
260,0
772,11
1797,1
5893,8
7941,3
7973,8
8119,7
4120,8
4248,1
4249,12
4765,0
5085,9
6109,1
4104,0
7176,10
7240,6
7257,5
7545,1
8185,7
4128,0
4260,4
4261,0
6309,9
6333,8
6399,4
6655,6
265,11
267,3
2379,10
2507,0
3563,11
3579,3
130,0
1170,8
1202,4
1266,0
5874,10
5875,12
834,3
850,2
2906,9
3034,4
7166,0
48,0
2096,6
3186,4
3198,9
7294,10
336,12
370,2
498,10
4594,4
4595,11
5115,7
6139,12
289,5
865,0
867,7
995,7
2019,12
6115,3
6131,8
4992,5
4993,8
5057,11
5107,12
277,5
279,12
1303,11
1311,0
3455,11
3583,12
6208,5
6216,2
6248,12
6250,2
7274,1
7530,6
8042,8
296,12
4392,4
4456,8
4472,6
4984,10
6008,8
262,7
4422,9
4423,10
5447,3
7503,8
7535,5
644,4
710,11
734,9
1758,10
5854,9
273,12
305,0
2361,1
3517,10
4029,3
6656,10
6658,9
6722,11
6978,2
7010,11
8034,7
8051,5
4482,3
4483,12
5507,2
5539,4
7587,7
8099,2
8163,9
1088,0
1092,1
3140,0
3172,6
3300,1
7396,5
7397,6
7653,7
7655,6
7679,3
1153,7
1217,12
1265,0
1525,10
1533,4
6141,1
1060,11
1076,2
3636,6
3764,10
3830,5
3838,1
1056,0
1440,10
1456,10
1464,5
1468,11
1469,6
1471,2
5567,5
136,0
168,0
170,10
2218,7
2298,8
2299,2
3323,10
3327,9
2144,1
2400,3
6498,9
7018,8
7022,6
642,1
706,1
722,0
1750,7
5846,9
6102,3
320,0
330,7
1354,4
1355,2
3403,5
7499,9
7631,12
2560,0
2568,9
2569,11
2697,0
2733,9
2735,6
2751,4
3775,4
1668,11
1700,3
3748,6
8100,1
8108,2
8188,3
9,0
11,9
15,12
2063,1
2831,1
2847,8
3903,2
3967,9
1041,2
5137,8
5169,0
5425,11
7473,8
7993,4
3392,8
7488,11
8010,1
8015,7
1216,6
1744,2
1776,10
1777,10
5877,9
785,5
849,11
977,11
3033,0
3037,1
4168,3
4169,12
5193,8
5195,11
5323,0
7387,5
3584,4
3585,4
3587,0
7683,4
7811,11
7815,1
7847,11
7935,0
832,3
2882,5
3906,11
3914,7
8138,1
8143,5
152,4
216,5
728,11
732,0
4829,0
6400,5
6912,8
7040,9
7088,7
7152,4
2124,8
2909,6
4368,7
4432,5
5456,11
5464,0
5976,0
6104,4
8156,12
3616,6
3744,4
3745,7
7841,10
7905,2
7911,12
65,0
67,6
75,12
79,5
335,6
847,10
3023,2
7119,4
138,12
4234,4
4303,1
4335,6
5887,0
517,8
1541,12
1669,2
3781,12
7877,9
7893,0
8149,10
1536,0
1856,10
5952,3
6080,4
6084,1
6085,8
7552,11
7570,3
7574,0
7606,4
281,10
793,9
2843,6
3867,2
3871,2
7967,12
1124,7
3173,7
3685,12
3815,1
3823,3
1096,8
5192,3
5208,0
5210,9
5242,0
5758,11
4618,1
4714,2
4734,0
6782,7
7038,0
312,2
824,10
828,6
4926,10
5054,6
3684,5
3812,2
8166,7
34,0
50,11
54,9
182,4
4278,4
4791,7
5815,4
4161,11
4165,9
5189,3
7237,11
7365,11
7413,4
7669,8
5382,12
7646,6
1600,2
5697,5
5701,0
5733,12
5749,8
5879,3
1036,8
3884,2
7980,1
7982,10
7999,2
6193,5
6321,7
6325,2
6581,4
6653,5
1029,11
5125,8
5317,4
5333,0
7383,11
7639,11
4136,11
4264,12
4266,5
6314,8
6570,6
80,0
1104,7
1105,1
1107,7
1239,2
5335,6
5847,5
7895,11
1097,1
1101,4
5197,2
7245,12
7501,1
8141,3
1624,8
3672,12
7896,0
8184,3
513,0
641,5
713,2
2761,10
2763,6
3819,0
3835,12
2097,12
2225,12
2233,7
3259,0
3263,8
2561,11
2705,6
6801,5
6833,11
7857,8
7869,8
52,0
4148,10
5172,0
5302,6
5366,12
5375,12
7423,1
576,0
2632,6
2760,9
3784,10
3785,12
3803,5
3807,8
769,6
833,7
853,7
1877,10
3925,5
3933,2
3965,7
4800,6
4816,11
4818,5
5078,4
5086,3
10,0
650,8
4750,9
5774,0
7822,6
8095,7
1552,12
1554,7
1618,2
7762,9
7890,8
7898,9
674,9
930,0
946,12
947,6
7091,12
263,3
775,11
791,11
919,4
2967,9
2999,7
7095,12
7159,1
6148,12
6660,4
6661,2
6677,0
6773,11
6781,10
6909,3
137,7
201,1
203,11
207,12
2271,10
84,12
340,3
342,12
4438,6
4470,4
4598,2
7158,6
33,0
417,3
425,8
429,1
1453,11
5613,9
304,7
369,6
4465,12
4469,6
5493,10
5621,4
5631,3
4140,5
4141,9
4269,4
4271,6
4527,0
5039,5
5119,9
6418,3
6930,2
6938,8
7034,10
148,0
149,5
405,12
4501,9
4565,11
6613,12
6615,4
1553,0
1585,11
1593,7
1849,1
1851,4
1915,8
2120,12
3144,9
3146,0
3147,0
3275,3
7371,4
7887,9
2320,7
2512,6
3024,10
4052,2
8148,5
4108,5
4109,11
4621,0
6669,1
6685,10
56,11
58,11
186,7
254,9
510,7
2559,5
2306,3
2307,11
2371,12
2403,12
6499,10
6511,0
7023,7
544,0
548,4
612,2
1636,1
1654,11
1655,0
7799,10
2336,4
2340,5
2404,7
3046,8
1538,8
5634,11
5650,6
5654,6
5910,8
5918,4
5950,12
144,0
1232,2
1488,0
3538,11
3546,12
7642,12
8154,6
4106,3
5642,6
5658,6
5914,3
7966,1
560,9
2608,4
3632,8
3704,0
3705,6
3709,2
5377,3
5381,3
5383,11
5511,9
5575,11
6087,2
8151,3
661,10
663,12
727,11
735,11
1023,7
66,0
70,9
326,6
1350,6
1366,4
3926,7
2480,10
2992,0
2996,0
2998,7
3063,0
656,9
1944,5
2008,5
6136,4
4353,11
4385,10
4391,4
6583,8
419,11
427,12
939,4
2027,5
6127,4
2192,9
2200,4
2456,2
2525,1
3549,1
3551,8
204,5
1228,2
3276,6
3278,8
7374,4
7375,6
4118,2
5151,10
7199,7
7327,8
7839,4
6156,12
7180,8
7196,5
7260,2
7517,6
7645,2
584,0
616,9
872,6
2921,8
4995,3
3105,9
3235,11
7843,0
7851,5
7867,10
297,11
937,3
1961,5
6057,8
8105,2
2050,0
2178,1
2182,0
2183,8
6279,12
6535,6
7111,12
276,0
341,10
373,5
5629,8
546,3
675,3
679,5
2727,1
3047,6
7143,5
7151,5
6659,7
7827,0
7891,1
7923,12
221,9
1759,0
1791,11
2692,1
3716,6
3780,9
7886,1
1728,12
1760,12
3808,10
3809,9
3811,6
7915,0
4100,2
5124,12
5397,8
5495,4
140,9
142,2
398,7
4510,9
4542,11
1324,5
3900,2
3120,2
3376,6
7472,5
7480,2
7608,9
7609,4
1298,8
5394,3
5906,12
5907,11
7959,3
1089,3
1117,11
1373,3
1405,10
224,2
480,0
992,3
1008,4
2032,10
4088,3
96,0
100,11
1892,6
1894,8
5990,11
5998,1
6014,5
259,0
4355,3
4491,9
5003,2
5067,12
5099,2
164,5
2228,6
2229,2
2231,8
6591,8
5760,10
5776,9
5780,7
5844,1
5876,8
8180,10
8183,9
4758,4
5079,11
81,10
1363,9
1491,10
1034,12
1035,1
5131,5
7179,8
7435,8
7947,3
7963,5
4752,4
4784,9
4788,3
5052,3
7164,3
2305,5
2433,11
2449,1
2451,4
2483,9
2547,6
315,4
1339,0
1403,11
4091,11
3200,2
3201,1
3217,6
3219,10
3475,7
3539,11
7635,8
4184,8
4189,6
4191,7
4223,8
4479,4
2570,9
2586,8
3738,4
3994,2
8091,6
295,10
1319,10
1447,0
5543,9
1296,10
1328,7
1329,7
2067,10
2195,1
3283,6
2592,9
2848,2
2912,9
2928,3
2930,12
7027,5
22,5
150,12
406,1
438,5
4534,1
4543,5
6157,11
6413,12
6445,11
7469,3
7533,7
6720,4
6721,9
6851,10
6859,4
7115,7
7147,4
7163,11
5128,12
7432,7
7560,2
7624,1
2072,10
6168,12
6296,2
7832,9
7833,11
8123,7
162,11
2210,3
2722,10
2738,0
2742,6
3766,10
7870,1
1200,5
1976,10
1978,9
57,12
4409,3
4541,8
3594,9
3626,3
3630,3
7726,8
8046,7
1568,10
1580,3
1852,12
4028,1
549,8
4645,4
4901,10
5925,7
5941,6
5949,3
1290,11
1291,4
5387,7
5899,12
5903,5
688,11
689,11
1713,3
1781,0
1052,12
1564,12
5660,1
5789,10
139,10
171,8
491,5
495,11
1007,12
5103,4
522,3
778,4
7067,12
598,0
4694,8
4726,8
5750,3
1608,12
1736,6
1738,10
7882,0
7914,12
7930,7
3104,8
3360,9
3370,9
3946,6
3962,8
4090,7
1443,1
6051,11
6059,3
2689,5
2715,7
2779,11
131,5
643,9
6787,12
7043,10
7075,1
8103,3
440,6
444,5
956,9
3004,1
8124,5
529,4
593,5
601,11
729,10
1753,3
2009,12
2011,5
6107,11
2816,9
2832,12
2896,7
2897,3
2905,4
4144,9
4400,7
4528,8
5552,10
5556,4
7604,9
8116,1
77,12
2125,7
2253,4
3277,1
3533,4
3565,3
3567,8
896,3
1920,3
1952,4
1968,4
2034,11
2035,11
2039,4
1176,9
5272,12
5273,5
5305,3
652,9
910,1
5006,5
5070,0
7118,3
7135,4
5396,6
5908,3
5972,10
5974,8
6134,6
4609,1
4737,5
6785,1
6849,8
6857,5
6863,4
4352,0
6416,1
6417,11
6421,0
6423,4
7607,9
4240,4
4242,1
4562,2
4570,6
5082,7
381,8
4477,11
4989,12
97,9
113,8
1137,2
5233,11
7793,3
7795,12
1664,12
1696,11
1701,3
3749,8
3757,1
3759,10
579,6
2627,1
2755,8
3011,12
2572,0
2588,1
2652,5
2856,1
2857,3
7977,0
1537,10
1545,12
1547,10
1579,2
3627,10
4011,9
4027,8
280,4
282,11
314,9
4410,6
5434,1
6074,4
2597,10
2605,9
2607,6
6703,4
4384,3
4388,9
4460,5
4461,0
6509,2
7661,0
3,0
2051,11
3091,7
3987,12
69,4
333,3
2383,5
3407,10
3919,9
26,0
154,1
218,9
250,7
1274,12
1275,5
1787,10
3839,3
1098,9
1230,2
1262,12
1774,8
1120,4
1138,7
1142,6
3190,1
3446,2
6544,4
7057,10
7059,4
7071,9
4192,11
4208,9
5232,4
5234,2
7290,5
7802,3
8062,0
388,5
4484,7
5508,1
5572,12
5604,5
7652,0
7654,10
2315,3
6411,11
8171,6
6424,10
7448,11
7960,3
7961,7
526,5
2830,8
6926,8
6958,8
2116,1
2118,5
6214,11
7246,7
7519,12
42,1
2234,5
3258,12
7419,11
4640,3
4704,1
4706,7
4718,4
6767,12
7791,10
2232,3
6328,8
6585,4
7097,4
7101,2
6360,10
6364,6
7900,0
294,1
2342,9
3510,11
3511,12
6797,10
6813,8
7133,12
1392,10
5488,3
5489,7
5497,5
5499,3
5503,5
561,8
563,8
575,10
4927,8
4177,7
4209,7
4473,12
6521,11
712,6
749,7
1773,3
2029,10
4077,3
2184,9
2186,9
2442,4
2506,10
2522,1
2554,2
2558,5
35,10
39,0
1063,9
3879,9
3943,1
3959,4
5122,12
5186,4
5194,3
5198,0
5326,4
5342,0
5374,6
4673,9
4945,6
4977,4
5105,2
620,0
622,6
2670,7
2942,11
564,11
1908,7
2037,5
6133,4
1027,5
3075,1
3107,9
3363,11
3427,6
3555,6
836,2
2884,5
2892,1
3916,5
4060,8
1057,3
1123,7
1251,5
1763,6
1771,0
2057,5
2089,5
3241,10
3243,4
7339,3
7407,3
4634,8
4890,2
4894,12
5022,11
6046,8
6110,1
5378,5
5954,0
5966,11
6154,10
6155,9
6175,10
6687,0
6815,11
6879,8
176,6
240,7
1272,9
1273,3
1789,6
5885,11
6196,6
6772,10
7030,10
7031,6
2515,4
2519,11
3031,4
4055,0
4514,11
4530,5
7090,3
7154,5
1284,7
1796,6
8069,5
8101,5
8117,3
6336,9
6340,12
6341,6
6351,11
6367,3
6623,11
396,6
1420,12
1452,9
5548,7
5566,0
2241,5
2243,2
6339,12
7379,11
5638,8
5814,3
6145,0
6161,1
6169,5
6233,3
6745,7
6905,8
4289,11
4323,4
6375,8
7399,12
4227,8
4267,9
4539,2
6587,12
802,1
810,11
5034,11
6058,11
6122,1
6138,6
3161,6
3195,6
7295,10
1540,5
1692,5
3740,1
3996,8
3998,1
146,4
147,10
2199,0
2263,4
3287,9
4356,4
4420,4
4428,12
6508,0
6527,7
418,5
426,4
2474,6
2479,4
2543,11
6480,12
6481,6
6485,8
7509,1
8023,10
5379,3
5891,12
5955,0
5987,9
6209,1
6217,6
7241,7
7753,1
7769,5
7771,8
8027,0
133,5
1157,8
5253,0
5269,5
7317,8
7325,10
7581,12
5633,1
5635,10
5795,6
7859,8
6552,11
6554,5
7066,11
7098,5
7162,2
4154,1
4218,5
4346,6
4350,11
4862,5
1037,2
3085,2
3101,4
3357,4
3869,3
3901,7
4768,4
4772,10
6820,4
6836,8
7092,1
7102,12
4122,3
4635,5
4639,2
36,0
2100,10
2293,10
2813,6
4416,0
4418,6
4550,4
4558,5
4606,8
3776,9
3777,4
321,7
2881,10
6977,6
7105,12
448,5
5568,3
5574,9
5606,6
568,4
1592,6
1596,8
1597,0
5693,7
5821,5
2432,1
2468,0
3492,7
3165,12
7261,2
673,12
2721,0
2723,7
2739,10
2224,5
2488,2
2492,4
2493,2
2557,9
1861,10
3909,11
3941,6
8037,3
2189,12
2191,11
2719,5
3007,4
2185,10
3209,6
3723,2
7855,3
2840,11
2904,5
3928,12
8024,2
8056,0
6016,6
6024,6
6088,10
6090,10
8170,8
4107,10
6667,1
6,0
2054,0
3078,12
3335,6
7431,1
7447,3
4232,11
6282,9
6346,12
7370,9
7403,0
3593,5
3595,12
3599,9
3615,9
7711,7
3618,3
3634,4
7858,2
324,0
334,12
367,7
2415,9
2431,8
41,5
43,9
379,2
4395,8
4459,8
3840,7
3848,9
3880,9
4996,6
5038,10
966,8
998,0
5320,12
5352,2
5368,2
7416,8
7420,4
7932,10
7934,10
1093,2
1605,1
1733,12
4037,2
1164,12
5612,11
5614,6
193,9
209,8
217,9
223,7
479,12
991,7
266,10
794,10
5083,0
2698,0
2730,1
2794,11
4628,12
4756,5
4820,11
5118,12
3920,5
8020,10
8054,10
4019,1
5664,0
5668,6
5924,10
5932,4
8044,0
4195,2
5219,0
5235,2
5239,4
2133,12
3157,3
3189,11
3447,12
7671,6
401,5
465,12
6643,12
163,6
935,7
999,1
3055,1
284,4
4380,4
5404,0
5919,8
6047,2
2378,9
2394,10
2426,11
3450,12
1792,0
3841,10
3905,4
4033,10
4045,4
770,9
1794,10
5923,5
5931,12
8043,3
6673,0
6681,9
6937,1
8025,5
428,10
4524,1
4526,6
6575,5
525,4
5645,9
5709,12
5837,3
5869,2
2265,9
2267,2
1832,4
1960,4
1964,7
6060,7
420,4
421,7
1445,10
1965,4
6061,5
83,10
4435,12
4443,5
6491,0
82,12
2130,6
2134,1
2262,9
6359,4
7127,7
6928,4
6929,12
6963,0
6971,0
7995,12
1281,9
3337,3
7433,11
7561,10
8077,1
1572,9
1828,0
1844,3
5940,8
5942,5
7990,2
523,0
539,11
571,11
5691,10
5947,11
6011,9
8048,11
8052,5
5154,7
5474,5
5475,6
5603,10
5607,11
210,8
214,6
2294,2
6390,6
4656,5
6706,9
6710,2
6774,9
5162,1
5674,12
7978,0
7983,12
4200,1
4458,8
4970,11
4105,0
4171,12
4427,1
5451,2
5483,4
6015,2
166,11
4262,7
4774,8
5798,9
5799,4
6055,0
6119,7
194,6
198,10
1734,4
5830,4
5838,2
4806,4
4814,9
5839,1
5855,4
6170,2
6202,6
6203,7
6459,11
73,8
2123,3
6475,0
4238,0
4239,3
4255,2
1059,4
1075,0
1331,3
1459,11
1463,7
3575,8
1344,12
1472,7
1476,2
1484,9
5580,9
8172,11
6401,0
6407,8
552,0
808,1
3882,11
7979,10
8107,7
5148,12
5180,10
5692,3
4233,2
4235,1
6283,3
6299,12
6335,9
51,3
4147,6
4275,9
5299,8
5363,11
5371,2
5627,3
928,12
5088,7
5090,9
7138,9
8162,11
4176,9
6432,3
6434,3
6438,1
6454,6
6462,4
7614,12
1602,4
3650,9
3666,12
3667,9
3923,11
3927,3
960,4
962,2
5058,3
5091,12
7139,3
4257,0
4513,8
4577,4
4581,9
4583,7
5095,0
901,1
1925,11
8133,9
8135,4
4417,2
6465,5
6593,8
7617,9
7625,12
7641,7
3074,11
3347,6
7475,0
7483,8
2626,7
3907,4
3931,12
2434,9
2466,12
2982,3
7086,4
8110,1
4433,7
6001,4
337,2
4561,3
4563,5
8147,3
2240,9
2248,4
2280,11
2297,8
2809,10
2811,7
6907,9
4102,9
6990,11
912,9
5008,1
5040,0
5048,12
6137,6
3248,10
3252,3
3324,10
7421,7
6240,0
6252,5
6254,4
7278,3
3106,4
3362,8
3366,11
3430,3
3431,11
7527,4
8039,4
6176,7
6180,5
6821,6
6829,8
6893,1
657,9
4759,7
226,4
482,5
994,4
1006,2
7704,2
7736,7
7738,9
7866,10
4832,11
5104,7
7160,9
323,7
4419,10
5455,3
8047,5
2369,4
2377,0
2521,4
7165,0
5200,0
5240,2
5241,7
7293,6
4387,5
4403,12
4411,4
1972,8
1974,12
6916,6
7044,5
7046,7
7047,0
7079,6
2211,0
2471,5
3559,7
2696,2
2712,8
2776,9
2808,1
208,0
2256,9
6352,2
7376,7
7384,7
714,1
718,7
1742,0
6095,2
2900,12
3028,10
3030,11
2145,1
2401,2
2405,10
3437,7
3949,3
38,1
4150,6
5182,1
5694,9
7998,4
1199,4
1455,11
4448,5
4576,2
5600,7
6112,4
6116,8
3076,1
3108,3
7268,1
7398,10
7415,8
4864,11
4888,4
4920,2
4988,0
2688,3
2718,0
3742,8
3806,5
2055,2
2311,0
2439,4
2455,3
672,4
996,6
1004,7
3068,3
4114,5
4115,5
4123,10
6171,2
7195,0
7707,11
4130,10
4131,5
6315,9
6827,3
1289,3
1419,0
1435,11
5595,3
6404,3
7428,5
7430,1
7943,5
2714,10
2815,6
1793,7
1795,11
1859,4
8011,3
545,1
4641,3
4643,3
5731,8
5743,2
2417,1
2545,6
2549,5
2551,1
4301,8
4317,9
5341,10
5853,7
683,7
1707,11
3755,8
310,10
4982,8
4990,12
4132,5
4452,8
6500,8
7012,7
7014,2
360,3
361,6
2221,5
2237,3
2495,8
3519,5
586,12
1882,0
5978,12
6106,3
195,1
4291,1
4547,12
5000,2
7048,8
7080,3
4904,7
5930,6
6063,1
1836,1
1838,7
4928,12
4936,7
6984,10
6988,2
7116,8
387,7
391,8
4487,0
5152,5
5408,4
7456,2
7520,2
7522,8
7538,8
7551,3
135,9
1175,11
1183,8
5311,5
5823,4
116,12
118,8
246,7
3574,11
2272,1
2282,5
6382,11
6398,6
7422,8
555,1
811,1
1835,11
6619,1
2180,3
2436,11
3460,12
3557,4
2752,8
4032,6
4056,4
980,3
2004,8
6132,5
6337,0
8129,10
8145,10
4965,12
5093,8
457,5
489,7
45,7
4717,3
5741,12
5997,6
7620,5
7668,9
98,7
99,12
355,0
4451,3
7651,11
540,4
668,4
2780,6
3036,1
3070,4
1285,11
3399,0
4162,2
4166,2
4310,9
5334,5
7390,6
3428,3
3436,3
3452,8
6086,9
6273,5
6793,5
6889,2
7145,10
4258,1
4770,11
7926,4
2596,6
2661,4
2669,10
6765,11
4401,8
5491,11
5619,6
7209,3
7341,9
7405,2
4815,10
7749,1
2102,9
6198,1
6775,9
777,10
779,3
783,9
4911,5
1665,2
1729,1
1761,11
7919,1
1400,12
5496,11
4292,1
4129,10
4659,5
5683,8
7731,6
1321,12
1833,11
5935,2
371,9
1395,0
3443,11
3451,4
4872,0
4952,11
4953,4
4987,5
4991,3
518,10
582,12
1606,11
1639,12
3687,11
2308,1
3468,4
3980,5
4044,7
4062,11
4390,5
4398,3
6420,7
6548,3
6549,12
6559,12
105,2
2153,11
3305,4
7401,0
7417,11
4163,4
4179,8
4699,12
4731,5
1411,11
1427,4
682,5
746,1
2795,5
7204,1
7222,0
7286,12
7287,0
1800,1
1864,3
8028,2
8029,11
7440,6
7600,1
7664,11
8176,6
1730,11
5826,8
6082,2
6094,11
14,12
527,3
4655,2
6959,7
393,9
459,10
1483,12
1995,10
658,5
914,10
2962,2
3006,1
2070,10
6199,4
7735,5
1424,11
1528,6
3576,4
7672,8
4744,11
5002,3
1042,0
1426,10
3478,2
3543,2
385,2
409,11
4505,0
6557,10
1030,3
1158,7
1190,6
3310,12
3311,2
4912,11
269,8
4365,12
6477,9
3077,3
3205,5
3717,4
3973,3
4069,4
2584,11
2968,5
3992,6
547,0
4899,8
4907,1
5995,4
74,12
2255,1
3279,11
3535,1
730,4
102,1
230,12
486,2
487,11
6680,3
6808,8
7064,4
7068,0
7132,3
577,3
2825,5
6921,9
6488,12
6616,1
3142,5
3143,2
7879,0
4481,7
6529,4
6533,2
6621,2
5393,12
5521,6
7569,12
588,7
846,12
974,2
990,11
1122,9
1126,11
1638,7
1766,4
736,8
752,8
760,3
2452,8
6612,10
6620,5
2416,1
7024,8
806,9
4902,8
4918,2
6464,8
7492,12
7636,7
7676,5
4228,12
6276,1
6284,11
6316,1
6380,9
6892,0
6895,1
632,2
764,1
765,0
767,10
521,1
1549,2
1933,12
1997,5
6125,2
4226,6
5286,10
5558,11
476,4
477,2
509,10
1189,4
3751,12
1640,2
3688,11
3706,9
3710,11
3141,0
7253,7
7541,5
4272,4
4336,0
4592,8
6640,7
4178,9
5202,3
7250,2
7798,4
3112,11
3240,5
3257,0
7611,4
5126,0
7174,5
7446,8
4610,11
4690,10
4691,1
4723,11
1305,9
1433,12
7577,11
7,4
6183,0
6439,9
6503,9
4440,1
6490,7
1065,4
3113,10
7465,4
4682,2
5738,10
1682,0
1686,11
1943,11
6039,11
5201,1
5209,12
5213,4
5727,6
5281,1
5349,9
5357,9
4548,7
6604,1
7630,12
29,6
2589,1
2655,5
1188,12
1510,1
3558,12
1218,1
1234,3
3798,12
5829,0
5679,9
5807,5
720,1
1786,4
4545,2
7107,0
229,2
4325,12
6373,0
6885,8
7909,11
537,12
3641,7
3707,12
615,5
623,0
3695,7
1376,7
5472,5
5476,5
5500,0
5502,12
515,1
2659,6
2663,5
6759,4
7783,2
6212,10
6484,0
2577,12
2609,4
2611,9
2803,11
5729,6
306,0
378,9
3066,4
3332,5
3396,3
3412,3
3422,0
3934,11
389,10
455,8
2535,7
1058,0
1066,10
1082,9
1086,10
1406,5
121,3
7169,12
7425,3
8075,7
590,2
2638,3
2654,6
2686,3
6241,4
6753,10
6769,3
2249,1
2251,2
2538,3
2539,12
1121,10
7393,8
7657,7
1548,2
3596,2
3628,8
3756,8
21,8
53,11
55,9
567,12
2879,0
1091,10
1099,1
1115,5
1371,4
1883,3
5216,1
5224,0
5226,7
5243,9
5755,12
5259,5
7343,7
551,9
784,5
786,3
4886,2
4957,1
1408,9
1504,5
1506,11
1522,12
1530,8
397,8
431,10
447,4
2853,0
6949,12
1320,6
1384,2
5480,7
5482,5
5611,3
392,8
410,11
2458,7
4779,12
5051,6
7099,4
6158,9
6239,5
6495,7
5184,6
5185,3
7233,2
7781,7
156,5
4252,4
5276,0
7324,9
7836,9
1704,10
1705,3
5801,1
7849,12
1539,12
1603,3
1619,3
5715,4
5971,2
5975,9
3328,5
7493,9
7621,1
7629,7
7429,3
7437,10
8013,3
2850,8
6946,0
6947,7
3338,5
3354,12
3358,5
3486,3
8094,11
4424,5
7128,8
7129,9
2201,4
3227,4
3483,11
4059,1
1632,4
1896,6
1898,6
1899,12
2322,4
3482,11
3514,8
7674,7
585,7
841,1
4937,4
4969,6
7017,1
7033,7
4298,12
4554,6
5066,6
5098,9
5114,5
2836,2
2838,8
3862,0
3958,12
2893,2
4061,11
2053,8
3661,11
3917,7
6592,11
6624,5
7142,5
7150,1
1520,6
4080,2
5651,3
5655,9
5719,0
7767,11
108,1
109,5
237,3
493,9
716,12
748,7
2812,8
6455,12
6150,9
6406,7
1048,4
3096,1
3097,11
3609,0
3865,5
7965,4
1449,4
5013,12
5021,6
338,8
346,5
1370,4
5466,1
5470,0
4930,12
4946,7
4979,4
4983,7
707,11
8131,9
1033,7
1163,6
1743,2
3791,9
4231,5
4743,10
5767,11
5775,9
6160,9
7004,7
6429,10
554,5
4666,9
6714,9
6778,2
6906,12
790,7
4887,1
6935,7
7785,5
8041,5
1297,9
1299,8
788,4
2837,7
114,6
126,5
2174,5
90,9
731,3
4827,6
4361,5
4489,5
4306,0
5618,11
959,0
308,12
4404,11
4532,0
206,7
2286,7
6638,12
1556,6
1557,9
1559,2
3607,1
3671,4
2069,2
3093,1
7189,10
7191,5
7743,12
4152,12
4344,2
5880,9
3837,1
572,8
4668,3
4924,9
5116,2
2321,3
2353,2
2865,9
2867,12
6577,12
7153,8
7489,11
7495,3
5248,10
5250,12
5258,6
5306,5
5562,4
533,3
789,7
821,5
885,5
1909,9
1911,8
5840,12
5848,0
5883,11
2135,7
6231,1
6841,12
4236,3
4268,4
5292,4
5308,12
5309,7
7357,1
7359,0
5176,3
5688,3
5882,1
1156,0
5252,2
6036,2
8085,10
2244,4
2756,5
2757,3
2765,9
3789,9
7885,4
4457,0
4585,7
4605,11
6162,2
6166,9
6230,1
6391,1
7232,6
7236,9
7364,0
1049,0
1113,9
5337,10
5339,11
7391,2
2310,2
2870,4
2935,7
2944,8
2960,11
3993,8
4025,3
3395,3
3419,5
3423,6
172,11
174,3
2222,12
3246,3
3758,10
4196,10
4204,2
6510,8
4838,1
4854,0
179,4
1203,1
3251,7
7347,9
7411,10
2074,7
2110,12
2430,11
6526,1
5892,4
5900,1
5964,9
6108,12
6140,2
3472,2
3504,8
3512,10
4110,6
7247,10
7759,3
4625,1
4633,0
7705,3
8089,12
3121,11
3129,2
3197,12
3581,9
6224,9
6225,5
6227,7
6355,0
169,9
2489,3
3001,8
4942,4
122,9
6153,5
6409,7
6415,9
6927,8
6991,8
2891,5
2923,0
456,1
472,4
473,4
3545,4
7673,2
4243,2
4767,1
5791,1
85,10
5469,7
7680,11
7712,0
7730,4
8114,8
3208,7
3244,5
3500,10
4012,5
4076,3
4092,2
2929,11
7025,2
7029,4
8053,7
1062,3
3174,1
3302,2
3822,2
4686,5
3341,12
3853,2
4259,0
6307,0
6819,12
6899,11
796,11
1820,5
1981,0
1083,4
1595,0
1919,12
1031,3
5127,10
5135,4
5167,7
5183,0
4831,8
37,11
103,5
231,4
3303,6
6664,2
6665,3
7945,2
8057,0
780,2
844,3
861,4
863,6
2911,9
5217,7
5221,3
5861,9
5056,9
7104,5
7112,9
792,7
826,2
2878,2
628,5
756,8
2098,0
2354,7
2355,4
6451,5
6515,5
6523,0
6226,1
6742,8
6743,8
6871,1
4994,7
7050,7
7051,8
820,4
4925,10
5951,10
2066,2
2323,10
2387,1
3027,9
3059,7
404,1
1428,1
1460,12
3508,6
3516,12
7612,5
1112,8
5465,3
5977,6
5983,7
2729,11
2793,1
3821,3
1569,7
1697,12
1699,6
1955,8
1959,10
4007,12
4023,0
1866,11
3950,9
1304,12
1336,4
1337,12
5433,0
5561,11
5563,9
1916,8
6013,12
1921,11
1985,1
4740,8
4748,5
5836,8
8142,10
608,6
2656,0
2660,5
2676,1
2677,7
3829,7
3831,7
1293,6
1421,2
5565,8
2566,5
2862,5
2926,0
3054,2
4613,3
4773,6
6077,1
407,7
4503,7
5527,7
5559,8
3090,1
3122,2
3378,4
7474,6
7478,12
2114,4
2370,3
2402,1
2546,11
4082,2
4086,11
6305,0
6881,0
7929,6
112,10
2804,7
2814,10
690,7
4786,5
6146,6
6210,12
7746,4
5215,0
3304,9
7912,5
4364,3
6030,2
6062,6
235,10
239,11
511,5
4270,10
5295,12
6280,10
6618,11
6253,11
7149,6
4556,3
609,6
633,9
2681,12
7801,9
897,8
917,0
925,5
957,12
2593,7
6689,9
6761,2
553,4
2621,7
7464,11
7976,6
8060,6
4516,4
4588,7
4590,11
2736,6
3000,5
3003,10
3953,12
3955,10
5218,11
5222,9
5230,2
5486,2
4932,8
4940,8
4362,0
4426,3
4462,5
4478,11
2859,12
6955,11
3138,1
7242,3
7243,11
394,9
4490,2
6538,4
6602,11
6482,11
6486,0
6494,1
2624,6
301,11
3216,5
3220,1
3228,12
3484,11
3548,8
1672,3
1930,7
1946,9
1947,0
2015,5
3588,1
7684,6
7844,11
7845,2
7360,9
7361,10
7369,10
7373,0
1287,1
1799,5
1815,8
5911,11
366,3
6856,8
8140,4
972,7
3020,10
4046,0
3720,4
3736,7
3801,0
4057,5
754,10
2802,1
6898,4
804,6
812,10
1837,7
1839,11
2580,12
2708,6
1688,5
7835,5
1211,8
1467,12
1535,1
5254,6
5270,3
5599,8
5380,5
5444,7
5478,12
101,8
4197,4
4709,8
5989,3
5132,8
5196,10
5452,2
298,6
1834,5
4074,7
2245,8
2501,10
2503,0
7221,5
7349,7
7861,5
7168,4
7498,5
4155,2
4523,7
4587,6
4603,10
7602,0
7667,8
800,11
1209,2
1213,12
1215,10
1727,8
1601,0
1857,1
1863,2
3911,7
3951,3
4113,11
4627,8
4755,5
6867,3
180,2
1206,3
1718,8
1719,12
1783,12
6516,11
6518,7
799,9
831,7
6237,10
6365,9
6877,5
2820,4
2828,5
2894,11
3022,10
5401,2
5617,7
2768,3
6864,8
6896,12
6897,12
2179,12
2979,6
4083,4
3827,2
6832,11
6908,5
2888,5
2890,2
5264,0
7824,8
86,7
6902,3
1292,8
1804,0
5902,0
5982,12
196,11
740,10
4852,2
5426,8
5938,5
6002,4
6006,10
1690,7
4320,1
5344,1
8161,8
3016,3
4042,8
4047,8
2242,9
2258,4
2290,6
2302,6
3123,1
3507,0
7445,12
7453,2
7485,12
7613,6
2745,9
3018,0
3050,9
3051,6
594,7
5714,8
5722,0
6010,3
4677,5
3026,3
1100,9
1132,3
1388,5
1900,0
1901,12
1917,0
618,8
4730,3
4986,10
2440,0
2444,1
2445,5
3981,11
278,10
610,12
611,3
2787,10
4324,8
4340,3
5372,5
4300,10
4332,2
4146,1
7223,3
4215,7
4343,7
2312,1
2824,9
2860,7
2940,6
542,4
798,10
2846,9
5640,7
5896,9
5912,7
8092,5
8093,6
3605,4
3637,6
3683,9
7779,10
809,6
1897,12
6009,4
5948,11
1824,10
4002,0
1546,2
1691,6
5787,10
1587,3
5687,11
4193,5
7273,7
7277,6
7951,4
8079,10
2667,8
3691,0
1984,4
4064,9
4066,10
6528,7
6530,1
6594,2
3722,10
3726,2
4014,5
4078,2
3232,7
7392,3
7910,1
6789,2
7045,11
1430,6
1431,3
1951,6
5268,2
7326,2
5031,2
1809,1
5905,6
5909,2
7989,5
1050,2
1178,5
1434,10
3995,0
2081,6
2595,6
2851,3
2690,7
6802,5
4824,0
4856,3
4858,9
700,4
1020,7
1022,6
1317,5
1509,11
5525,5
5533,8
1561,9
5657,0
5689,0
5819,9
5459,0
492,11
494,8
1518,11
1534,3
5742,3
5759,12
91,4
123,8
255,11
2303,3
1598,12
1790,8
5129,9
7177,0
7181,1
7693,1
7695,7
7823,11
1712,5
1714,12
1778,0
468,11
982,9
1015,0
2259,0
5249,0
7297,11
7301,1
7829,10
8125,12
5123,3
5159,12
5623,10
4998,5
5030,12
2062,1
2190,4
3502,9
1573,7
1589,10
1845,4
3081,1
3145,4
3401,9
7497,11
7513,1
424,6
292,0
933,1
1957,12
1975,9
6071,5
5793,11
6433,8
7539,0
1090,9
1858,9
8002,6
4617,2
4841,2
4857,5
5261,9
5325,8
5581,4
5583,2
2459,6
2523,2
3170,3
3682,3
1609,5
1737,10
4041,8
7864,10
7865,2
2274,7
6370,11
6626,10
2083,9
2091,8
2347,10
2863,9
2368,10
3394,2
5578,7
7626,2
8139,12
6256,0
6260,4
7284,8
7285,10
1377,11
3937,11
4949,1
5077,2
4776,3
4778,4
4842,5
7146,7
761,1
1785,3
5881,11
7727,12
6263,12
452,11
454,7
462,3
1998,9
212,11
220,3
4316,0
5340,9
1334,10
3382,0
2448,12
2993,7
2995,1
6318,1
6334,0
7358,6
484,8
104,7
1250,11
1762,5
5866,10
2313,7
2345,0
2537,3
2573,5
2829,4
3855,9
1802,5
1983,4
805,11
941,1
1198,4
1710,3
1332,4
1333,5
5429,6
645,0
677,0
741,2
3045,3
3053,11
818,5
4914,10
7986,2
1046,9
3094,7
3102,11
3166,7
6728,1
664,0
2778,1
2782,9
2193,0
3285,3
3541,0
7637,7
8088,8
1560,1
1949,3
4692,1
6740,3
6741,10
6598,3
8134,7
1286,10
1302,12
469,10
4597,1
322,8
6474,2
6705,12
1666,5
5762,3
5763,12
6019,7
6035,1
6099,6
2278,11
3318,7
4868,7
4900,2
4903,8
6951,12
1489,9
3537,4
8003,6
8007,12
4408,12
5432,12
464,0
976,11
5072,9
888,0
893,2
1021,1
4642,7
6818,6
6882,7
6466,3
6467,5
6595,8
7619,5
2822,10
2950,12
2966,7
2974,2
2956,10
3982,1
153,12
1177,7
1689,0
3861,11
3935,3
6537,4
6601,12
6649,5
864,3
880,4
2040,1
5251,8
5255,6
7311,1
7567,6
7583,1
395,9
399,2
1524,0
5312,1
5316,5
5845,8
6274,8
7554,12
7555,11
4376,9
4504,1
4540,9
6588,5
680,2
1768,8
3820,3
7916,0
592,4
848,3
4944,0
7035,4
71,11
4167,0
5479,12
1888,4
3012,10
3013,11
3021,12
2188,2
3260,8
6178,8
6187,3
6379,11
6383,3
6639,9
3589,11
3655,6
3799,10
5296,3
7344,12
7345,6
4230,10
4742,5
724,11
5852,2
2252,12
2508,8
2542,3
2373,4
2885,9
6981,3
6997,11
7005,6
7037,9
3210,3
5156,6
5164,10
5676,7
270,1
782,1
942,11
4099,6
6251,12
120,6
1145,2
1147,4
1659,12
200,0
6344,1
7368,4
7372,7
7628,6
4357,9
4485,5
4517,7
4393,8
4905,12
5929,2
1043,5
5143,11
7703,4
2261,9
2775,8
7170,4
7491,3
27,1
1179,3
1723,0
1979,3
2043,12
665,1
669,12
2781,6
4741,9
955,11
678,8
2726,7
6830,5
5428,1
5430,10
5943,1
7424,8
7937,10
7939,2
7971,5
5322,11
5354,5
5355,9
6956,4
7020,3
7036,5
1193,9
5289,12
5291,12
5307,12
7238,2
7270,8
7271,12
7279,7
2216,3
2472,11
2475,7
2491,0
1432,12
1577,6
5673,3
2380,7
3948,6
3086,6
3134,0
1500,5
1448,10
6121,10
5545,0
2952,5
7082,11
3204,10
3206,5
3462,9
187,11
191,10
4287,2
1854,12
124,11
1148,6
1660,5
3329,1
3333,5
3415,11
5385,9
5389,9
5421,4
5549,1
4599,7
4607,12
4664,5
4667,12
2161,1
2169,9
2175,7
6736,0
6992,5
8050,2
3297,7
3573,12
2500,3
2524,7
2556,5
541,1
1614,12
1615,12
1871,8
1887,7
1196,8
1212,9
3772,6
3660,5
6264,0
6265,11
6269,1
6397,5
2990,7
4552,7
5608,9
372,1
374,7
5622,12
3635,11
3643,9
238,1
750,11
1069,9
1133,5
1645,11
2818,5
2883,7
3043,10
2212,10
2724,11
7076,0
7100,0
2246,11
2758,2
2766,2
1011,7
6752,9
6760,6
6784,11
6792,4
6876,5
7902,1
145,8
2963,7
2971,2
2975,4
3592,0
7752,6
8008,1
3814,4
1045,5
1077,12
1079,10
106,0
4202,12
6266,8
6271,4
5204,11
5590,8
4529,8
7089,3
898,8
978,2
4101,0
6149,4
6229,6
6903,5
2317,9
3485,0
2076,3
2334,9
2398,3
197,12
453,0
461,5
1485,4
2578,0
6834,0
6842,12
8122,3
1574,3
1582,7
1902,0
2030,8
3402,8
3418,0
3266,4
3298,5
6192,6
7921,12
8177,6
1588,2
1653,2
5188,4
5220,5
5223,7
2264,4
6657,7
7069,0
460,12
3544,4
4058,11
3082,6
3226,5
5804,8
7623,3
1053,9
1181,0
1437,8
1439,10
2467,9
3491,5
7603,11
1207,4
6304,1
6816,3
6828,2
5632,0
5641,4
5643,12
5675,7
7723,0
3233,10
4005,6
589,6
3520,5
3536,10
1496,5
2042,8
1185,6
3299,12
7907,2
6306,9
7338,2
7594,10
2328,0
2392,10
2397,1
234,11
2287,8
7298,2
7810,1
8074,2
8078,3
4681,12
5705,10
283,11
4379,11
4507,8
2443,7
6635,3
325,1
6501,4
3114,7
3438,12
4276,1
4284,1
5822,8
3845,1
2082,11
3234,10
3238,2
3750,8
573,12
5053,9
1159,1
1223,10
5831,0
2579,5
2707,2
1629,7
3805,3
4496,2
6545,4
7573,8
4103,11
4111,2
5256,5
5832,5
5833,6
7883,12
4360,1
4488,9
4506,11
5531,12
6043,7
4153,8
6201,3
6715,11
5266,12
7314,0
7322,11
1361,6
1365,9
2629,0
2645,4
3669,5
5160,11
5288,6
5802,1
5806,3
178,2
3062,4
6291,7
7315,10
7323,12
3089,4
602,5
2650,3
6746,3
7770,6
6662,0
6998,1
3591,6
4117,5
4285,0
4349,10
4861,6
5117,2
1233,2
5329,2
660,5
725,5
4823,3
4636,6
4764,4
5788,4
6045,12
1480,2
1482,8
1514,4
2026,8
6123,9
4369,11
4371,4
5395,4
5399,8
5591,0
6915,4
6979,12
519,6
543,7
1160,5
4210,6
4746,12
4139,6
4651,2
4975,7
4720,3
5108,8
5109,7
7157,0
6502,8
4466,5
4467,5
4475,10
3488,2
3553,3
3569,1
3577,1
5029,5
7077,5
1106,11
1627,9
1631,2
1414,6
1927,4
711,5
743,9
7188,11
7316,5
7319,1
2268,6
2269,3
4722,6
1174,1
4022,0
4297,9
5321,8
5577,2
5579,9
4156,8
5310,7
4520,10
4525,9
6573,2
7531,11
4796,9
4797,0
7729,10
7733,1
327,9
359,11
4471,8
5191,0
5711,8
2498,10
3522,3
4067,9
1865,4
5961,6
5993,2
7280,0
7540,5
4138,5
5994,0
2152,3
2296,6
1409,11
1441,6
2021,0
4085,3
681,0
2989,9
2991,3
7087,1
365,6
6646,11
7670,3
1418,10
1931,10
6075,10
3904,1
3936,0
4065,10
8165,5
6298,10
6810,5
2625,11
7765,4
5649,3
5747,1
411,9
927,3
830,9
3966,4
2338,8
3506,2
3571,3
1110,9
1271,3
4211,6
4219,11
4735,6
5777,12
5781,2
4351,6
4874,10
4906,2
5158,8
5166,1
7214,9
3644,12
3647,5
248,3
505,1
2553,9
6288,5
6353,8
6609,2
6641,8
7155,3
7296,10
7312,12
7568,0
7186,1
7259,10
7899,3
5283,3
7331,5
8115,11
2352,9
2360,10
2424,1
3448,6
3580,12
7748,6
8004,10
8012,2
1241,5
1757,1
899,5
915,3
1670,4
1990,3
2007,0
3313,4
3315,9
7200,7
7328,5
7329,0
7337,9
7593,12
7002,0
3202,2
3218,1
7582,11
1542,5
1702,9
30,1
1566,8
1630,11
5726,10
332,10
2396,6
3420,0
501,11
5764,6
7892,8
3088,1
3162,4
4981,12
6562,0
6566,10
4186,5
4698,9
2819,3
2907,0
2939,4
2088,6
6185,9
6443,9
6447,7
2090,9
2346,6
2362,8
2490,9
2494,9
7264,10
7272,10
7800,2
4229,1
6277,4
6799,9
7055,5
4299,2
4559,9
4591,11
2129,9
2687,12
795,3
923,9
4707,6
4688,3
7888,4
5263,9
5519,3
7599,0
3187,3
7291,3
3367,4
1078,5
1462,7
1073,2
1649,11
647,11
1735,6
5871,4
3308,5
6275,8
6531,0
7627,4
7065,9
241,1
2289,10
3321,5
2637,0
6917,11
5446,2
5958,1
8006,1
8014,10
2516,9
2548,3
3156,0
3414,0
3542,3
141,4
2205,2
2461,3
6589,0
7740,7
2827,2
2955,3
2694,11
2695,10
3767,1
636,6
639,3
3586,6
1417,0
3499,2
4637,4
7709,7
4569,2
6617,3
2889,6
2895,2
2927,10
7202,11
7714,7
7719,11
7840,6
7908,5
7924,2
1243,9
1247,6
1279,9
5458,12
5490,12
5284,4
5540,10
6052,4
6068,12
1308,7
7455,7
2817,3
3877,2
1924,2
3972,8
3974,2
4865,8
4929,3
4939,10
5071,8
4425,11
4463,9
5615,1
4935,7
6983,6
188,9
6113,10
1681,10
1969,11
1977,12
7109,2
7125,4
2783,1
4250,6
4254,1
6303,9
1283,7
1347,0
5471,9
6676,0
6804,10
6805,10
1130,5
1643,4
2095,4
5173,6
1604,4
1732,3
3836,4
6220,0
6236,3
6268,11
151,4
215,8
6184,7
6504,0
6520,4
6648,0
6652,1
891,4
895,12
5360,12
2628,5
2679,10
4319,1
408,0
987,8
2754,4
3010,0
4054,3
4441,4
6489,4
1351,1
3527,4
1061,8
1191,1
5287,11
5303,7
1617,11
1745,11
604,12
1628,9
1756,5
7848,1
1634,1
1635,9
1779,4
1478,5
1494,5
2006,7
2014,5
165,3
481,6
497,8
1009,10
3649,8
3793,4
3600,3
3856,8
3860,1
7956,3
7988,8
5728,1
7904,9
2680,0
2084,4
6708,1
7732,3
7860,7
5343,11
1348,10
1349,7
3525,3
3249,6
7601,1
8113,7
5970,9
8018,8
8146,1
8150,5
313,11
317,6
1341,0
4116,12
4372,12
4884,9
4916,12
5526,11
5534,6
2600,6
2728,7
2792,2
617,7
1657,7
3079,10
3175,8
6388,11
7412,4
2187,9
705,6
5405,1
5501,0
202,1
5450,5
5454,7
4180,7
6228,6
6357,8
6869,4
1840,0
1904,1
1912,3
6690,0
6835,10
5212,0
1860,10
8005,8
2528,1
2529,7
2533,3
6645,1
7275,9
2356,4
4246,3
4766,8
4830,9
5721,5
3762,5
4018,11
3222,12
6692,11
7716,5
7717,3
4580,4
5605,5
125,4
3453,5
6449,9
6579,11
3282,1
7378,5
3163,3
6179,2
6191,0
5768,8
5769,0
614,2
870,2
871,10
2919,3
5601,2
6129,3
6402,10
6410,11
6414,7
7438,6
7470,4
6754,8
2220,12
2236,7
3518,3
5257,1
2121,12
6345,0
6605,10
63,6
5594,4
4649,5
4845,9
4863,12
6751,8
7330,3
7394,4
3651,9
3783,6
4321,1
6369,10
6625,8
787,8
4883,11
6931,12
6995,4
1511,2
6331,8
7355,12
6177,9
6569,10
6918,3
7942,12
7974,2
8102,11
1356,10
1486,7
2031,11
4437,6
4573,12
2257,3
6385,9
7409,0
4382,6
6654,7
2672,12
2800,4
1387,1
1531,4
4964,10
4972,8
3426,5
3554,9
4016,10
6405,1
6925,8
6957,2
6973,8
5522,0
5530,7
2658,5
2666,8
3690,3
2711,2
2743,9
5796,12
1161,1
882,4
4978,10
7685,3
7949,11
566,10
4799,5
1129,1
1131,4
1259,11
845,7
2925,6
986,12
2010,12
3224,2
3225,10
7353,7
6982,10
8038,7
7231,0
117,4
1141,4
5984,7
5986,0
5492,12
684,9
1708,12
7854,9
2834,3
813,2
839,6
975,6
6980,10
8036,7
4589,10
2665,12
1895,5
2309,12
2319,11
2335,5
2132,3
2388,2
6517,2
6525,0
7549,11
1558,6
3614,6
5637,11
1357,2
5453,2
4546,12
6606,2
6479,7
2181,5
2693,6
2725,12
7812,10
7876,0
8132,5
2476,4
6950,3
5139,12
5275,3
5279,3
352,5
354,11
483,0
7333,1
7597,4
2196,9
2260,11
6358,6
4555,6
4571,0
3712,6
4000,5
4008,3
8104,9
3638,0
7734,2
7862,3
5161,0
5181,4
5373,0
875,9
1330,8
5036,6
873,2
889,1
2937,7
3067,0
61,11
2111,10
2367,9
158,2
222,9
1278,1
107,8
2155,8
2283,8
595,0
607,8
6172,7
6207,12
4578,0
5144,9
5656,1
5661,2
4564,5
5076,12
5301,8
2936,6
3960,11
3601,7
7697,7
7701,8
1335,10
1407,0
5376,7
5412,6
5487,11
5713,12
5969,3
6219,9
5033,6
3355,12
7686,0
7687,7
3590,11
3847,7
3796,1
3804,5
4502,2
550,2
742,2
4544,11
671,12
2092,1
2094,12
2238,5
3326,5
3501,2
1474,6
1986,6
2018,8
2023,1
7450,1
7578,2
6600,1
3383,2
2643,6
2647,12
4394,0
6506,7
6634,2
2215,2
2295,5
1210,1
3770,5
2273,1
7649,3
7665,3
3469,5
5537,11
1994,4
5064,0
5068,12
4836,3
5092,11
2384,6
2386,6
2514,10
3975,1
1257,0
1513,0
1529,7
4048,4
4302,1
4575,7
7185,12
7193,10
7449,10
4245,7
5535,4
2078,4
2142,8
4660,4
7028,12
7532,7
3612,7
7708,2
7772,12
7304,8
7320,3
7388,10
4553,9
5065,9
5081,10
5149,8
1201,4
5297,7
2104,5
2616,1
3640,9
3768,4
693,6
949,0
2997,3
5018,0
583,0
599,10
631,0
988,3
989,2
876,6
877,8
4653,11
5677,3
5933,11
3715,4
3731,10
3795,8
6900,11
1180,12
3262,9
1721,10
4373,8
4375,11
6487,0
2567,10
2599,12
3631,11
3040,6
7136,12
4760,11
5784,0
5786,4
5818,8
4170,4
6218,9
6933,2
6965,7
5141,0
5205,12
5725,11
5757,3
4363,5
838,0
2886,5
403,11
443,0
7508,5
3350,4
7400,5
5392,6
5400,2
7451,7
6726,3
2496,11
2520,10
3032,5
7258,12
7386,0
6234,8
1543,2
1551,9
1583,9
1647,8
1663,2
2108,7
2364,3
6874,5
228,2
244,2
252,10
2300,9
2301,12
6809,0
3265,6
3561,0
7571,4
8083,8
4498,7
5262,6
5518,9
4853,2
6042,11
3713,11
7809,6
7817,3
7881,7
7913,8
4700,9
7171,2
7427,3
4492,0
4493,2
4509,9
4172,6
4174,11
7263,3
3042,1
3476,7
4367,8
6431,2
7007,6
1094,7
7239,5
2385,6
4500,10
5012,5
4205,3
7021,3
2292,12
7210,5
7722,2
7739,7
5827,8
2914,7
5398,1
5406,4
5438,8
751,5
1166,1
822,9
950,9
1982,0
2631,10
2887,1
4133,10
8120,0
3267,8
3271,11
4837,10
4754,0
5010,4
5023,4
5087,0
6188,2
6204,5
6332,0
3099,12
7227,0
3657,2
3817,4
7211,5
1195,9
474,5
2648,0
1140,12
4697,9
1068,4
1261,4
1263,12
816,4
2986,9
2833,2
2204,0
952,12
6412,3
6428,9
1913,3
3718,1
3734,12
3786,2
4043,0
5062,5
46,7
558,0
1646,4
1444,1
2020,3
6118,11
3272,6
3528,3
3530,2
1108,12
7252,1
7389,6
6441,1
6505,11
5384,4
5512,12
6028,6
1224,4
3158,8
3454,6
5138,3
5146,8
7648,0
7656,12
8168,9
4712,1
4840,11
2664,10
5888,6
5920,4
5985,6
6278,7
6622,1
4533,8
4809,10
4811,10
7698,10
7954,9
6354,7
6394,6
2279,9
2791,1
7192,11
7964,11
5271,3
1516,7
3564,1
1380,11
4241,9
5265,7
2644,2
2908,7
2219,11
181,7
183,12
6762,1
6766,1
6894,9
4661,6
4789,5
6837,10
6839,10
7524,11
7525,2
6244,1
6246,2
5509,4
6053,4
6117,0
2602,3
2734,0
2762,11
2682,4
4792,1
4794,9
5707,9
5963,9
4739,8
4775,4
6831,8
5834,10
1186,9
1187,7
3239,5
2329,4
3005,6
5032,8
5050,3
5145,11
638,6
619,10
2071,1
6167,8
890,3
2438,6
6534,12
6582,7
4173,5
4431,11
6862,4
3015,6
1868,11
1869,4
2325,4
2453,10
4623,11
184,3
8090,8
3828,5
3424,5
7534,5
7821,0
6163,10
7187,8
7972,9
4705,7
4711,0
4967,12
4880,12
6936,4
232,9
744,2
3052,3
7148,9
1584,0
1841,6
1905,12
6476,8
6492,9
7550,10
5418,3
5422,10
5550,2
7598,3
7494,10
7622,0
2720,3
6880,7
6884,3
6887,3
227,0
1169,2
1641,5
1769,10
4896,8
4898,12
4963,8
7011,5
2441,3
2473,8
4866,6
4867,4
4875,3
6027,4
6031,4
245,6
503,7
5636,12
916,0
6329,10
6258,5
7439,5
3223,12
3231,11
7212,12
7468,11
2207,3
6697,0
7081,9
6023,3
1205,11
1269,1
1277,12
676,8
2788,9
2796,5
2172,5
7230,2
6472,6
7512,6
5315,11
5332,4
6100,1
4771,7
5863,6
7056,2
2790,6
4962,6
3153,7
3281,8
3825,12
1512,1
3560,12
4072,6
7563,12
7755,9
2594,11
3898,1
7994,4
5024,8
3314,6
3322,0
3834,9
6174,4
6206,5
6270,0
2149,7
2165,12
2167,3
4669,8
5695,9
3598,12
7694,4
7950,10
6182,12
6718,4
7742,2
2194,4
4551,0
4960,9
4961,9
3131,12
331,2
1910,2
1918,0
5752,2
5756,4
2789,9
2799,0
6470,10
6471,10
414,1
446,11
1470,7
2509,11
2541,3
1360,7
7074,1
2372,1
1436,5
5596,0
835,9
4931,4
3721,0
450,4
1515,7
508,7
1532,1
6786,1
6795,5
2012,6
2013,2
1788,5
3908,5
4036,7
4084,10
753,12
757,3
2805,0
6440,11
1412,2
7458,10
7586,1
7718,4
4366,10
4494,10
4913,6
4921,7
5945,9
2581,5
3613,9
5260,1
5084,0
6513,7
1479,10
8160,6
2502,11
6725,1
5356,1
5870,8
3714,3
3778,10
3782,0
7878,11
1685,12
1717,3
5813,8
7106,1
7110,0
1425,0
4164,6
5190,3
5206,0
6811,11
5330,11
6037,4
7194,1
3620,2
3876,5
3878,3
3895,0
5988,0
6004,11
3610,5
3611,4
3999,7
1808,2
7970,12
2764,0
2767,3
6348,8
1416,8
1667,3
1923,0
6067,5
6757,7
2330,4
2842,7
2970,7
3866,8
3902,8
6281,5
7305,2
2964,7
2965,12
6536,5
4586,2
4602,7
5928,9
5992,3
6120,6
7441,2
7481,1
1379,5
624,3
4721,10
6007,9
3178,11
3183,3
2146,11
6242,1
6770,0
6771,8
422,1
7078,12
4307,4
3732,6
7828,7
7837,1
3724,1
2447,12
2511,7
6607,9
1555,3
1591,0
6194,3
6195,5
1394,12
7234,8
7362,7
6396,3
7572,9
8084,2
8086,9
1338,9
1850,8
2713,4
7529,6
6941,3
6943,4
1772,5
3515,5
4701,6
696,4
4848,10
4855,3
766,3
293,1
5898,10
5962,9
6596,12
7108,12
1578,7
1642,5
1658,11
1914,2
5884,2
931,3
2983,1
5957,7
5959,8
5967,6
1725,2
2166,7
4157,2
6313,9
5304,3
7356,0
7852,2
4630,6
4881,0
1941,5
4053,2
1843,5
2389,12
3648,7
1144,2
5626,5
924,5
1948,3
6044,1
4909,9
2337,7
2341,1
6437,10
89,4
4859,3
1267,9
5367,10
488,2
506,2
2203,12
2463,3
2250,5
6363,0
2349,1
3887,7
2482,11
2486,10
1038,1
1070,2
1134,10
3182,9
3694,6
5680,2
5681,9
6688,2
6694,10
1382,11
4134,7
803,6
807,7
6350,1
4125,5
3608,0
356,4
868,6
878,11
894,3
968,8
985,3
883,5
3874,8
3939,2
5059,5
3842,9
3938,11
5015,2
4710,1
3368,11
3371,12
3883,2
961,8
7117,9
1047,5
1055,0
6674,11
7987,3
1819,10
8080,1
5440,2
5448,9
7500,11
4455,4
2777,1
5157,11
5415,7
7591,2
4124,7
4126,1
5150,10
556,10
2861,9
1637,2
5751,0
7452,6
6913,6
5602,4
4751,10
4783,0
666,10
1694,11
4396,5
6211,9
6723,6
6763,3
6779,10
4497,1
4499,0
4567,8
6257,10
6393,8
4337,3
7592,11
7224,2
7225,0
6319,11
2530,6
1683,1
7266,8
7402,12
6448,1
6960,4
944,0
945,9
7969,12
7985,0
6436,12
7460,1
6005,10
3729,1
3797,10
1673,6
5865,8
929,6
6049,8
1677,5
1709,11
1775,7
6953,8
7083,11
4676,3
4693,0
4695,5
2140,3
2270,12
6366,1
3850,10
5648,6
5653,0
6700,6
3719,12
5551,7
1746,8
2164,8
3700,10
3702,3
430,12
1805,10
1967,7
3289,2
1295,7
5391,8
5177,9
5753,0
4600,2
5625,6
625,9
1368,5
5037,2
738,7
1767,10
2277,9
6452,6
6590,7
6850,5
7874,1
7875,9
6444,0
271,10
287,9
1375,8
4308,3
4560,7
7008,7
7016,3
8040,9
5229,9
630,2
886,0
4662,8
3151,0
906,0
5007,2
747,8
3008,10
7244,6
3344,8
6574,5
3735,6
1039,0
3343,4
5328,5
5597,9
382,1
3889,1
4017,1
1396,1
2036,2
1136,2
1648,2
1652,11
4412,9
2633,8
1165,10
1197,11
3245,5
5094,1
300,7
879,10
1903,9
2710,6
2774,5
3521,6
5247,1
6377,5
866,9
905,3
907,5
971,3
6159,7
7282,11
7418,12
4175,1
6223,1
4980,6
5684,3
7251,3
5467,0
2025,12
5505,11
7557,0
4326,6
3498,6
7072,3
2033,4
7172,10
7300,2
6976,3
3656,3
3692,11
1939,7
2003,1
843,6
7203,8
211,0
3295,3
1625,6
3679,6
1005,12
5101,10
5178,9
5690,12
5754,8
5347,11
5859,2
2810,8
6338,10
4450,10
4474,10
6124,5
852,12
884,2
111,10
1135,11
5359,3
6000,5
466,6
499,4
739,7
1565,9
1567,1
3711,5
1831,12
1570,5
5666,3
7794,4
6532,3
6540,1
6556,4
434,4
1458,10
2749,3
3773,5
920,5
1415,8
1935,6
6758,4
2093,2
2413,7
2429,4
2945,6
2947,7
4757,1
6069,11
2044,10
7183,6
7215,0
531,1
1875,12
1879,10
698,9
344,5
3416,6
7834,4
7838,10
2086,1
2150,2
6374,8
7426,9
7559,1
1429,1
1973,10
6852,11
3868,12
3870,7
4922,5
3752,9
4013,5
1051,12
1398,7
2435,10
5524,8
3230,10
2022,9
963,1
4769,11
6817,3
7073,7
7804,1
7644,4
7562,3
8106,3
4374,8
4406,6
4938,11
8067,8
6682,4
3110,4
7216,11
7281,1
6213,10
7757,3
5314,2
5369,6
3236,5
2465,5
2481,2
3505,9
190,10
7070,12
626,2
5520,4
5523,8
1613,4
5073,8
3686,6
2709,7
2773,11
6901,0
3604,3
7041,8
2344,2
3434,11
1684,11
1067,7
1711,11
4407,9
4919,12
5528,1
5457,3
6097,9
635,0
2148,12
2156,2
2668,10
7750,4
4212,10
4220,0
6550,7
6408,5
6456,10
6457,4
6969,8
1125,0
5237,2
702,9
703,5
6999,10
7123,10
1301,1
5407,5
4615,3
4879,10
4943,6
4001,7
4596,4
2807,0
5916,2
7302,3
7334,5
7335,10
629,4
5736,9
5868,9
4348,5
3149,9
3293,10
3256,9
4024,7
2197,6
2517,1
4201,12
4329,0
5097,12
926,1
1950,10
2634,3
6890,11
5761,3
5155,11
2399,12
2358,10
6966,0
4817,5
6848,6
6883,3
1798,5
1926,5
1958,11
6611,9
857,0
5388,1
7436,2
7042,3
3818,5
3406,10
7385,4
5424,4
6003,11
7332,7
4135,10
4151,7
6711,10
3320,12
6426,0
7382,1
6022,12
1993,5
302,4
2350,4
2478,8
3858,5
3922,0
8019,8
7000,11
7299,11
6468,1
7638,3
4277,11
4644,9
6693,0
6563,5
2920,12
3944,1
2872,8
8066,12
1294,6
1807,2
2115,9
3242,7
368,5
5231,3
4810,6
5168,4
7220,11
7414,9
3087,3
6245,0
6631,0
3111,6
3119,4
3375,6
1748,11
3859,12
3863,0
2951,10
47,9
175,5
2230,0
817,12
819,9
2931,7
4389,1
4397,4
4399,12
5423,7
5772,7
7616,4
6750,0
5506,7
7566,2
2411,2
7019,9
6603,1
1829,12
1893,2
6064,0
5824,8
5856,10
5860,12
8164,9
1235,7
5665,7
5921,9
6724,9
6756,0
6671,1
3652,9
2678,9
1644,5
979,1
8072,0
6853,10
4801,6
3413,9
8021,10
651,8
667,5
4081,4
6920,2
6952,3
1466,0
1340,2
1404,7
3964,7
5953,2
5965,3
6872,2
6875,1
7256,11
423,5
3957,8
5019,2
5441,10
5449,1
6091,3
4749,6
5773,3
285,3
825,6
4923,4
1661,1
2880,0
3932,10
4947,4
5075,6
6560,4
2041,3
3159,10
3319,8
7173,4
7269,3
6712,7
7737,2
6696,9
6825,1
1526,6
3463,11
2938,12
1316,12
3164,10
3292,2
2226,7
7797,12
2845,1
3274,1
5712,4
6096,11
2747,0
3405,10
3421,10
4342,1
4650,1
4670,2
5698,2
5706,1
5710,7
4762,0
801,1
3409,7
2641,11
5214,9
5246,11
6322,7
1825,0
3873,7
3881,4
3810,9
1381,11
5477,5
6243,9
6371,0
2869,4
5060,12
5100,6
3659,11
7466,2
6822,0
6838,5
2518,1
2526,4
2700,9
2988,5
2339,4
1867,2
6970,11
6974,11
4006,1
1438,5
5035,6
1353,8
1481,3
3529,2
3921,6
3435,9
2109,7
6205,3
5468,4
6349,6
6381,3
691,9
2716,0
2972,10
2534,11
6630,11
4430,10
5700,0
5828,0
7894,3
1143,4
1151,8
4826,1
4515,1
4295,3
504,2
1715,2
6483,11
6580,9
6249,3
3968,8
4021,6
869,5
7013,5
4137,4
5417,4
2122,9
3547,2
4449,11
6564,4
6572,6
6637,12
1352,12
5576,8
5582,3
5592,3
2591,3
2198,1
4652,10
4780,7
6076,2
3095,10
415,4
4511,11
1413,7
1503,10
213,5
1749,8
303,10
6165,12
6197,6
6453,11
7093,8
3680,10
5147,4
5403,12
5435,5
185,10
4281,3
6073,10
7558,10
8070,6
1087,10
2744,0
2748,4
862,6
6025,10
692,0
745,9
4314,12
2477,11
4328,4
5096,5
6996,1
7156,8
4434,6
4446,11
4959,4
3833,1
2823,11
6919,6
3273,9
3309,1
3325,2
6954,0
5926,3
6054,4
6262,7
6519,12
3353,9
348,10
4873,4
5293,9
4237,12
1256,7
3578,7
1622,9
1623,1
892,0
4708,3
4724,6
7952,1
7953,0
8081,9
8016,9
8144,9
4149,6
3064,2
2085,12
3109,0
7207,4
1128,11
6948,6
2136,10
167,11
3139,7
3411,10
4051,3
5410,10
1182,10
7846,3
709,2
719,5
1999,3
177,0
1992,8
3890,6
2235,5
4716,0
4973,11
4891,12
4955,6
5327,6
1451,10
1963,1
4566,6
3288,1
1111,10
1119,12
4665,7
4658,10
7026,4
5416,10
7292,8
1204,11
3316,11
3572,7
1731,1
1084,12
1214,7
1932,2
1980,0
6387,8
5228,0
7276,11
3417,1
1461,8
3177,3
3193,0
4253,10
1114,4
7556,7
3760,6
458,1
5134,10
5646,10
7710,2
774,5
2903,3
5324,10
2772,11
5616,9
5620,3
2446,6
6543,0
7502,4
4198,9
4214,3
5238,10
3658,12
3662,3
7758,3
6427,6
3128,7
1318,9
1446,10
3494,6
5702,6
5300,7
5564,1
5280,8
5285,10
5541,12
5557,4
2075,0
6683,2
6939,6
2159,0
6255,1
6845,9
1385,2
721,10
4034,12
1306,10
1310,5
1342,7
8017,2
2147,2
7395,12
189,9
485,8
3118,12
1612,5
1740,4
2028,2
4941,3
6093,3
155,6
1962,2
6092,11
4359,0
4383,0
5439,8
4476,5
7288,0
7061,4
7682,4
755,9
4851,10
3664,12
3792,7
433,5
2024,9
4331,8
4843,12
6670,0
127,12
1423,3
1300,10
6794,8
4871,11
4895,10
3730,3
3743,11
8096,6
6944,3
2375,6
4619,0
7062,3
1956,11
4244,5
4188,5
6384,7
6392,1
1002,0
6843,8
7897,3
613,9
6961,8
316,10
5011,12
1236,7
1244,10
1922,2
1208,2
1720,5
4732,0
4216,0
3674,3
4611,5
4835,5
1563,3
1823,8
4318,4
6826,3
7850,8
6865,8
7121,3
5735,1
5991,6
4003,3
1054,0
5790,2
413,9
6768,6
6780,4
2699,7
6050,5
3888,4
2139,9
2143,6
2079,9
3199,9
5171,11
251,4
763,12
4738,6
4747,5
5274,0
4846,0
1314,3
1830,4
3894,10
4279,11
7351,8
6985,11
7001,12
1248,11
6891,6
6737,3
7761,3
318,7
319,7
1906,12
7182,5
3617,3
3681,7
3961,3
3602,12
562,0
5494,2
3284,1
4274,0
6164,12
4934,3
4026,10
5901,9
6403,8
7248,1
7249,7
4696,6
5850,9
1784,3
6425,11
1741,3
1016,4
5112,4
4626,0
4882,0
2603,5
5849,0
1754,6
3802,12
762,4
7787,11
173,6
701,5
4203,1
1364,2
1397,7
5319,5
449,5
5089,8
3698,1
3009,10
7137,12
4182,12
4958,12
7696,6
7957,9
1102,6
1103,7
2168,1
5678,1
3296,6
1242,2
4685,7
6733,3
6735,12
1651,11
3290,2
2601,9
157,2
1245,9
5696,11
5956,2
5386,12
951,0
5460,3
5461,6
94,5
350,9
2527,11
5771,0
3060,1
1803,8
2876,5
5889,2
2460,6
3989,1
7618,9
7650,3
6800,5
771,8
7184,0
1826,8
1954,8
1874,6
4537,0
2585,12
2587,4
309,4
5463,2
7511,9
5413,6
1633,10
2640,3
2642,7
7766,0
3481,2
3352,9
1586,1
1323,2
3899,7
6644,0
6647,11
6326,7
500,10
6546,6
7058,6
6512,4
7537,9
1225,6
1229,8
1517,7
1519,10
5402,8
6324,10
242,11
5960,12
4035,11
6389,11
7096,2
2316,3
3678,5
2639,6
737,7
759,0
7778,7
7782,2
855,2
6565,7
922,0
3083,3
1616,4
1620,8
1662,2
5682,6
5746,5
4825,4
1881,0
3929,5
4158,8
5915,11
621,12
2948,0
5431,4
6386,6
364,6
2106,12
3130,4
570,5
3465,12
3689,3
1146,7
1693,0
3970,4
3971,10
3991,6
6186,11
6507,9
6886,1
7197,2
7229,3
3029,3
6496,10
7536,9
7544,3
7548,6
6181,4
7461,5
7666,6
1222,9
4038,9
5904,9
5586,1
970,5
535,8
2618,7
6460,5
6972,8
1722,0
375,12
887,10
4206,4
902,0
903,10
911,4
2017,11
3765,11
7777,8
442,5
954,10
1454,4
4648,3
6699,4
1254,1
5718,0
4579,0
2457,2
2913,2
7198,5
5313,7
7889,0
7706,2
4263,6
2552,11
353,11
3852,11
7309,1
5278,6
6048,1
6128,2
3703,1
4582,9
2470,9
2423,11
1988,3
6610,5
6547,0
1307,1
3696,8
3952,10
6327,1
1885,7
3761,5
3606,0
7702,6
3400,8
3912,5
2357,0
8000,6
5510,6
7590,4
6561,12
2376,0
2381,12
4808,5
4812,12
2351,2
2750,3
3642,11
1816,8
1821,9
4761,12
1362,12
5587,0
4727,2
694,1
958,5
7404,7
5897,12
8009,3
8026,1
7940,12
1590,8
4804,4
4805,5
7141,0
2513,11
1814,5
8112,2
7553,11
1502,8
3339,8
3503,5
7819,5
7346,1
3160,9
3673,9
7406,6
7380,7
2366,3
5584,11
5647,4
4968,9
1450,10
87,6
7255,5
357,8
6716,1
1610,5
1490,8
2408,10
2412,12
7936,8
8032,11
2002,7
4050,2
3098,8
7996,0
4985,11
2421,6
3479,7
7306,7
3872,9
7968,9
7984,3
7235,9
7763,8
3340,1
7484,6
1127,2
5825,12
6081,12
1374,5
1220,2
1221,3
3269,5
2162,9
6247,1
1770,5
5867,11
3988,4
3990,3
4181,11
4309,7
1953,5
2374,4
3179,9
5745,6
5873,5
7526,12
7542,5
2214,10
3495,9
3896,6
7992,9
6576,2
6578,12
6586,8
5937,8
7476,7
2105,3
5803,6
4620,6
6788,0
6791,4
3467,2
3531,8
4522,3
5699,7
7688,2
7880,2
5069,10
3670,2
670,3
1726,10
1109,2
2213,7
2223,10
3846,0
1747,11
5851,4
1812,3
3892,12
3513,11
3969,10
4009,7
5835,9
6571,12
7692,7
3668,3
3924,7
3956,1
3440,11
377,1
507,12
4795,1
2852,9
5939,11
2953,8
2957,4
362,10
2849,5
5336,3
5338,3
5165,8
4143,6
4421,11
4439,0
4447,4
7786,6
5809,8
5267,2
6541,8
4453,11
2428,7
6798,12
6302,0
3913,3
3317,2
4869,2
4997,9
6430,6
6463,2
7218,6
7410,5
2487,3
7363,5
5462,1
5370,10
6356,0
2901,12
4954,10
7713,5
5734,6
7060,7
4622,7
4671,10
3597,10
3645,11
6888,3
3470,6
2614,7
2622,2
2702,1
1497,10
5554,7
2717,2
7084,6
5245,11
2131,7
2163,0
3291,0
7352,0
5009,12
6790,12
7584,12
1255,0
5351,12
2675,7
2414,7
3633,3
3893,6
4213,6
4222,11
5720,1
4486,3
4877,9
6311,5
6823,5
6285,1
1971,12
2916,12
2932,7
2536,10
2363,5
3524,2
3540,0
6034,2
8082,7
5437,0
6312,7
7336,6
5236,12
1240,0
5628,3
6666,1
6730,7
6986,1
2127,1
5662,8
6308,1
6317,3
3250,6
827,0
5203,2
5723,8
1442,3
143,4
1487,9
1523,4
4999,0
5063,4
2154,4
4468,3
2924,7
5187,6
5443,0
6018,8
5927,8
3570,0
3237,3
3312,4
3824,1
3826,0
4414,0
6261,4
4966,5
1827,3
6727,10
5744,7
3439,9
1817,4
7120,6
3167,11
7946,1
2469,10
5390,7
1118,5
1246,4
4893,12
2059,5
2531,11
5716,1
5724,9
6861,1
7463,2
6089,9
4908,0
6923,12
653,8
717,9
1369,0
1698,9
6542,8
2288,3
3930,4
4464,4
1842,6
7140,6
1345,10
8001,0
7377,3
2227,8
2291,8
5843,12
3940,1
3331,2
7776,9
7780,8
1253,4
2866,0
2994,9
3676,11
3270,6
3790,10
5414,5
5542,3
439,0
2582,9
2590,10
6942,0
7496,2
6029,10
5074,8
6098,0
7510,12
5864,4
3697,11
7063,5
881,2
1676,3
5481,10
6608,10
5130,0
5797,1
5080,9
6729,10
5419,11
814,10
7808,9
1309,4
4593,2
7825,7
1621,9
5717,2
5973,5
1389,12
1575,8
6200,3
1003,8
2985,6
4897,1
5025,0
5027,7
2202,6
4885,9
4892,5
1806,12
3854,11
3918,6
4190,5
4703,5
4821,2
699,0
5794,11
2674,5
3699,4
634,6
1521,11
4790,4
4604,5
5560,9
6686,11
7009,3
4508,7
8098,5
1498,9
2740,9
2741,7
3432,0
3213,0
2959,6
948,4
983,10
3125,2
3133,4
3301,10
4657,7
1465,6
3348,11
3349,7
6232,1
5555,4
5770,2
4377,7
5513,5
2731,9
3176,0
2786,2
5812,11
1810,3
2973,3
3997,9
95,10
412,9
435,2
4850,8
4247,2
837,4
2874,2
3384,10
3388,4
921,2
3196,0
4976,3
7595,1
6040,8
2854,10
3886,1
5659,12
2635,10
5670,5
5857,12
5514,0
6026,7
2285,10
1716,7
1219,8
4763,3
5163,6
2170,10
3194,0
6173,7
7816,11
6032,10
6033,1
6041,1
2651,2
3753,5
565,3
4549,11
5589,9
6873,10
349,0
7462,0
993,11
6151,7
8071,8
1393,12
1880,12
4702,12
5473,1
5485,1
627,12
6221,3
2395,5
2636,5
3017,2
7113,7
6599,5
1970,0
3490,9
2684,9
2437,4
2949,8
4813,7
1325,3
3373,8
1019,11
3124,4
1527,7
4574,10
437,3
5045,7
1264,2
3459,2
249,1
3155,9
7872,0
2673,12
2933,1
7576,7
358,10
1383,0
4293,10
851,3
2875,0
4629,4
4725,4
3268,7
5652,8
6378,2
6461,10
5133,3
5199,0
981,6
1226,6
3379,2
6497,5
7588,12
854,2
6964,10
3984,6
3552,12
3556,8
7190,2
7830,10
1650,8
4536,4
6072,1
1811,6
3410,5
7820,11
2390,1
5244,5
3875,11
3891,9
1703,8
351,4
7585,11
7589,11
1706,12
1945,4
5001,11
1870,3
2784,0
6584,12
3365,12
7975,7
4068,0
3389,2
1270,4
1782,5
6362,5
2420,3
3739,10
3771,10
1401,7
2000,3
7307,8
4280,12
5732,1
5748,3
6994,9
6056,9
6292,3
2864,5
3397,5
347,0
7856,9
2610,2
3103,4
3061,1
918,6
1942,11
5872,6
8064,7
8068,11
7124,9
6755,3
5427,2
4187,5
6738,3
2798,11
2099,12
3763,8
2620,9
5211,12
3041,9
6330,8
6147,12
4538,9
3255,3
5017,6
2571,0
1862,2
5277,5
6567,3
6259,5
3117,3
4728,10
7318,0
4142,12
7760,12
2505,0
5318,9
343,5
1358,3
1378,1
1018,4
4311,8
4444,11
4445,12
4207,1
6435,4
7796,6
4333,9
380,8
3851,3
6301,2
475,2
2151,3
7477,6
3813,4
2266,0
1252,8
1268,6
5946,12
1001,8
7962,3
4733,5
6940,9
4518,9
4689,10
1013,4
2835,12
723,11
3986,12
655,11
687,7
2598,12
3622,8
7699,12
7928,7
4915,6
311,12
2797,2
1907,2
3562,5
2406,12
3381,1
5890,10
2318,6
6914,4
4647,2
6695,5
2946,3
7521,10
3466,8
3978,10
1171,9
1671,10
1687,11
3342,8
3737,7
3769,10
1626,0
1937,7
6065,10
3728,12
2254,11
3294,9
4719,11
3471,10
6469,9
3444,3
1499,8
1402,0
5498,3
5816,0
5979,6
3229,1
3741,1
6368,7
3816,9
1889,12
6987,4
6633,0
5624,5
6473,3
5644,7
2646,0
2902,3
5041,5
815,12
4334,10
1764,9
1780,4
4127,9
4183,2
3377,1
3441,6
3214,5
7342,1
4638,0
3126,7
7350,4
5686,3
5348,7
4413,5
1422,1
3480,10
6614,9
3985,1
8049,9
3254,5
3663,4
3653,0
3701,10
3180,8
3181,2
2987,7
1017,6
6267,9
7178,8
7690,3
6989,0
4049,0
1818,3
5685,11
6629,7
496,0
2544,1
2550,1
8033,1
2126,9
2382,12
6993,2
5016,2
3864,9
5409,8
6814,7
2753,9
6190,10
236,7
6698,9
3359,4
5704,8
8136,7
2657,8
2801,5
3380,11
7681,12
4286,3
909,8
3693,8
286,11
1343,12
3002,5
4713,5
5737,7
5014,7
1116,8
6744,3
6776,2
1581,8
5411,7
4199,10
5785,10
2343,9
1457,4
1475,1
8076,7
3148,0
2510,5
5569,10
1996,0
5532,9
5364,11
219,11
3794,5
2612,10
4715,0
2806,12
3387,1
6627,6
4330,4
3115,9
6932,3
6731,6
5895,6
3532,1
2171,3
7144,7
4339,1
4347,3
5179,0
7741,4
4521,2
23,6
5808,7
6235,7
3954,8
7754,7
6450,5
6962,11
1822,5
1150,7
3857,9
6215,12
3390,3
7756,12
2583,10
5020,6
606,11
7955,5
1847,9
4889,5
1801,1
4654,10
4782,5
7443,8
1095,11
4429,1
3127,12
3135,6
247,12
5553,2
5436,4
3449,6
5934,4
6017,11
3910,3
5350,1
2984,10
8035,8
2001,0
5225,10
5227,12
1010,0
4828,8
7633,10
4454,8
953,9
7906,10
1359,12
6300,11
7434,5
3433,10
5639,2
4159,1
1678,8
1679,12
5922,4
8065,5
2918,0
467,12
7528,8
3385,9
1149,0
3625,2
3747,8
6868,11
3568,5
2101,7
2103,8
3191,5
3445,9
8097,3
3192,11
7254,4
2662,4
936,4
6290,8
445,12
5547,5
823,5
3458,11
6539,4
1477,6
1501,4
7444,1
938,10
1227,5
4646,11
3621,11
7228,4
5207,2
6083,11
4948,0
7206,11
6395,6
5841,4
7340,5
1505,8
4405,7
1473,7
6717,5
7868,4
3474,2
7818,6
5361,1
1813,1
4798,5
3171,12
4956,0
4415,1
2575,2
205,9
1231,4
345,7
1594,3
5294,7
3261,1
7381,6
3132,10
7054,7
4950,9
3345,12
5811,4
119,12
1755,2
4807,11
5820,9
6854,1
6870,5
2407,12
4678,5
2915,1
2868,9
6189,5
6568,1
5585,10
6668,9
6732,1
695,7
6749,6
5061,3
7175,3
4860,8
1724,8
6707,5
5026,0
5282,0
1238,5
115,10
1139,1
5331,10
4631,1
4663,5
1938,10
969,0
697,8
967,11
6558,12
6294,4
591,10
2671,1
6691,5
6361,11
2087,6
2359,3
3048,4
1012,8
5739,11
5765,3
7126,1
6806,1
5028,4
3056,2
6663,1
6679,6
2276,0
2532,5
3044,3
2331,4
3708,6
4265,11
4283,12
1934,4
4557,2
5445,6
1508,9
5672,12
940,9
3725,6
199,9
253,4
2732,12
8128,12
441,8
6342,9
1751,8
2630,0
2858,2
7367,12
1891,10
6734,11
471,9
1495,9
603,10
7217,4
1167,5
6636,7
6860,1
2484,5
5358,1
7813,2
5529,0
7814,11
984,12
6739,2
383,5
7015,6
5298,9
2138,1
4951,7
2499,4
3019,6
7283,0
6632,5
4844,3
6968,3
2649,11
1367,0
1399,2
7564,7
5106,7
233,7
2737,2
557,4
2771,2
5290,12
3800,4
2348,2
6446,7
159,3
3639,7
6320,2
7354,6
5671,3
6628,1
3058,4
2899,4
6522,0
5544,6
2701,5
5779,12
2409,12
4687,4
3779,0
973,5
5944,9
7721,4
5573,10
3977,4
659,3
2769,2
4917,10
5667,9
7700,6
7313,12
7321,9
2606,9
6702,11
2615,3
4436,6
6524,6
3942,12
3654,0
5588,4
3849,7
3215,12
1656,12
4876,4
3361,4
5669,4
5980,4
59,10
2841,1
3351,12
5842,4
7442,10
4833,3
1872,8
2247,5
6343,2
3603,12
5365,6
5593,10
7842,9
6293,7
3754,4
3253,12
5484,9
7744,12
1929,7
1848,7
2981,7
339,1
5042,9
7219,10
4442,9
2613,10
2934,12
3025,5
6323,9
4338,3
5362,7
4282,4
2462,10
4933,10
6824,3
685,9
3386,8
2540,3
3675,6
110,10
2016,7
3733,6
2410,5
3832,2
7049,1
3746,2
637,2
7457,3
490,0
376,1
4119,9
7747,12
2969,1
5782,4
1000,7
3188,8
587,9
3844,11
7788,11
1695,5
7032,8
6855,12
6287,9
2419,12
4971,9
559,3
6493,6
7938,8
1571,12
7826,5
6478,11
2873,7
7689,0
6945,0
1507,4
6286,7
5703,11
715,5
6701,2
5515,5
3247,2
1492,4
243,4
6748,5
6796,9
7303,9
2922,0
2425,2
6020,12
6764,0
4584,3
4910,3
7764,4
3457,12
2703,8
3727,2
5778,4
1071,9
2206,1
3346,5
3442,4
2332,10
5792,1
2418,9
7408,8
726,5
2422,2
2107,0
7745,0
7873,12
2275,1
6858,7
6310,6
3788,3
1607,11
6419,6
4819,7
5968,5
4221,10
5766,5
3150,4
4495,4
3509,9
6675,10
3014,2
4040,9
2504,8
6713,10
7715,10
2284,10
1550,7
5663,2
3843,8
1260,4
3374,8
6678,6
4803,5
2746,10
6442,10
6924,0
874,5
4315,6
4519,8
3207,7
4020,6
2844,7
1846,4
3154,11
3364,5
3429,1
6021,0
4341,4
3464,11
3496,5
934,11
7768,5
7052,1
4381,5
1493,11
5917,7
8130,8
997,12
6372,3
7310,0
1886,1
5730,6
3523,1
2485,1
1876,3
1878,1
2158,11
1752,1
1276,8
6597,6
6295,12
2917,9
1611,3
6904,6
2239,11
7944,4
1873,9
7366,12
5800,0
1890,0
2839,11
6922,10
2327,6
2898,12
3461,9
3286,6
5913,9
758,8
463,2
3915,2
7580,2
6376,7
5936,5
4251,7
2785,8
3623,2
943,9
5043,6
7691,1
2393,9
7454,10
5546,6
1326,1
3404,12
6840,8
3665,8
2497,6
4787,8
7751,3
6709,4
5810,2
3473,11
7634,1
2759,6
1372,12
1390,2
3497,12
5783,12
1765,4
2977,6
3619,0
7348,5
7948,10
3897,11
6347,2
4679,5
5420,12
2157,0
1237,4
6066,1
